指标,年份,产量
集成电路产量(万块),2022,32419000
集成电路产量(万块),2021,35943500
集成电路产量(万块),2020,26142300
集成电路产量(万块),2019,20182200
集成电路产量(万块),2018,18526000
集成电路产量(万块),2017,15645800
集成电路产量(万块),2016,13179500
集成电路产量(万块),2015,10872000
集成电路产量(万块),2014,10155300
集成电路产量(万块),2013,9034600
集成电路产量(万块),2012,7796100
集成电路产量(万块),2011,7195200
集成电路产量(万块),2010,6525000
集成电路产量(万块),2009,4144000
集成电路产量(万块),2008,4387700
集成电路产量(万块),2007,4116200
集成电路产量(万块),2006,3357499
集成电路产量(万块),2005,2699729.14
集成电路产量(万块),2004,2355100
集成电路产量(万块),2003,1483100.93
集成电路产量(万块),2002,963101.08
集成电路产量(万块),2001,636287.7
集成电路产量(万块),2000,588000
集成电路产量(万块),1999,415000
集成电路产量(万块),1998,262577
镀层板产量(万吨),2022,
镀层板产量(万吨),2021,6588.74
镀层板产量(万吨),2020,6138.42
镀层板产量(万吨),2019,5738.87
镀层板产量(万吨),2018,5213.64
镀层板产量(万吨),2017,5262.99
镀层板产量(万吨),2016,5322.61
镀层板产量(万吨),2015,4798.24
镀层板产量(万吨),2014,5074.9
镀层板产量(万吨),2013,4514.46
镀层板产量(万吨),2012,3776.14
镀层板产量(万吨),2011,3176.78
镀层板产量(万吨),2010,2849.22
镀层板产量(万吨),2009,2016.7
镀层板产量(万吨),2008,1967.39
镀层板产量(万吨),2007,1755.44
镀层板产量(万吨),2006,1374.61
镀层板产量(万吨),2005,877.88
镀层板产量(万吨),2004,765.2
镀层板产量(万吨),2003,
镀层板产量(万吨),2002,
镀层板产量(万吨),2001,
镀层板产量(万吨),2000,
镀层板产量(万吨),1999,
镀层板产量(万吨),1998,
铁路货车产量(辆),2022,
铁路货车产量(辆),2021,39800
铁路货车产量(辆),2020,41200
铁路货车产量(辆),2019,60330
铁路货车产量(辆),2018,50539
铁路货车产量(辆),2017,51847
铁路货车产量(辆),2016,24590
铁路货车产量(辆),2015,27264
铁路货车产量(辆),2014,34416
铁路货车产量(辆),2013,51921
铁路货车产量(辆),2012,59227
铁路货车产量(辆),2011,66928
铁路货车产量(辆),2010,48136
铁路货车产量(辆),2009,42774
铁路货车产量(辆),2008,57375
铁路货车产量(辆),2007,42189
铁路货车产量(辆),2006,39251
铁路货车产量(辆),2005,39163
铁路货车产量(辆),2004,31715
铁路货车产量(辆),2003,31209
铁路货车产量(辆),2002,31265
铁路货车产量(辆),2001,30662
铁路货车产量(辆),2000,27285
铁路货车产量(辆),1999,18594
铁路货车产量(辆),1998,23500
铁路客车产量(辆),2022,
铁路客车产量(辆),2021,936
铁路客车产量(辆),2020,538
铁路客车产量(辆),2019,1641
铁路客车产量(辆),2018,914
铁路客车产量(辆),2017,330
铁路客车产量(辆),2016,1303
铁路客车产量(辆),2015,2572
铁路客车产量(辆),2014,3438
铁路客车产量(辆),2013,3631
铁路客车产量(辆),2012,7562
铁路客车产量(辆),2011,6853
铁路客车产量(辆),2010,7450
铁路客车产量(辆),2009,7107
铁路客车产量(辆),2008,1835
铁路客车产量(辆),2007,2425
铁路客车产量(辆),2006,2143
铁路客车产量(辆),2005,2001
铁路客车产量(辆),2004,1867
铁路客车产量(辆),2003,1525
铁路客车产量(辆),2002,2856
铁路客车产量(辆),2001,3273
铁路客车产量(辆),2000,3244
铁路客车产量(辆),1999,1778
铁路客车产量(辆),1998,1576
钢筋产量(万吨),2022,
钢筋产量(万吨),2021,25206.25
钢筋产量(万吨),2020,26754.23
钢筋产量(万吨),2019,24916.21
钢筋产量(万吨),2018,22226.66
钢筋产量(万吨),2017,19898.78
钢筋产量(万吨),2016,19051.35
钢筋产量(万吨),2015,18815.57
钢筋产量(万吨),2014,21553.51
钢筋产量(万吨),2013,20774.38
钢筋产量(万吨),2012,17810.18
钢筋产量(万吨),2011,15573.99
钢筋产量(万吨),2010,13876.93
钢筋产量(万吨),2009,12172.54
钢筋产量(万吨),2008,9605.01
钢筋产量(万吨),2007,10275.48
钢筋产量(万吨),2006,8416.8
钢筋产量(万吨),2005,6912.72
钢筋产量(万吨),2004,6654.61
钢筋产量(万吨),2003,
钢筋产量(万吨),2002,
钢筋产量(万吨),2001,
钢筋产量(万吨),2000,
钢筋产量(万吨),1999,
钢筋产量(万吨),1998,
钢材产量(万吨),2022,134033.5
钢材产量(万吨),2021,133666.83
钢材产量(万吨),2020,132489.18
钢材产量(万吨),2019,120456.94
钢材产量(万吨),2018,113287.33
钢材产量(万吨),2017,104642.05
钢材产量(万吨),2016,104813.45
钢材产量(万吨),2015,103468.41
钢材产量(万吨),2014,112513.12
钢材产量(万吨),2013,108200.54
钢材产量(万吨),2012,95577.83
钢材产量(万吨),2011,88619.57
钢材产量(万吨),2010,80276.58
钢材产量(万吨),2009,69405.4
钢材产量(万吨),2008,60460.29
钢材产量(万吨),2007,56560.87
钢材产量(万吨),2006,46893.36
钢材产量(万吨),2005,37771.14
钢材产量(万吨),2004,31975.72
钢材产量(万吨),2003,24108.01
钢材产量(万吨),2002,19251.59
钢材产量(万吨),2001,16067.61
钢材产量(万吨),2000,13146
钢材产量(万吨),1999,12109.78
钢材产量(万吨),1998,10737.8
金属切削机床产量(万台),2022,
金属切削机床产量(万台),2021,60.17
金属切削机床产量(万台),2020,43.89
金属切削机床产量(万台),2019,42.1
金属切削机床产量(万台),2018,54.07
金属切削机床产量(万台),2017,60.85
金属切削机床产量(万台),2016,67.28
金属切削机床产量(万台),2015,75.5
金属切削机床产量(万台),2014,85.8
金属切削机床产量(万台),2013,87.55
金属切削机床产量(万台),2012,88.23
金属切削机床产量(万台),2011,88.68
金属切削机床产量(万台),2010,69.73
金属切削机床产量(万台),2009,58.55
金属切削机床产量(万台),2008,71.73
金属切削机床产量(万台),2007,64.69
金属切削机床产量(万台),2006,57.3
金属切削机床产量(万台),2005,51.14
金属切削机床产量(万台),2004,48.72
金属切削机床产量(万台),2003,30.58
金属切削机床产量(万台),2002,30.86
金属切削机床产量(万台),2001,25.58
金属切削机床产量(万台),2000,17.66
金属切削机床产量(万台),1999,14.22
金属切削机床产量(万台),1998,11.91
重轨产量(万吨),2022,
重轨产量(万吨),2021,309.98
重轨产量(万吨),2020,357.09
重轨产量(万吨),2019,405.73
重轨产量(万吨),2018,377.24
重轨产量(万吨),2017,369.33
重轨产量(万吨),2016,348.56
重轨产量(万吨),2015,331.27
重轨产量(万吨),2014,405.4
重轨产量(万吨),2013,428.2
重轨产量(万吨),2012,321.5
重轨产量(万吨),2011,291.5
重轨产量(万吨),2010,433.5
重轨产量(万吨),2009,442.07
重轨产量(万吨),2008,322.42
重轨产量(万吨),2007,179.32
重轨产量(万吨),2006,201.7
重轨产量(万吨),2005,192.67
重轨产量(万吨),2004,172.07
重轨产量(万吨),2003,122.46
重轨产量(万吨),2002,135.65
重轨产量(万吨),2001,126.35
重轨产量(万吨),2000,116.86
重轨产量(万吨),1999,111.87
重轨产量(万吨),1998,114.69
轿车产量(万辆),2022,1047.2
轿车产量(万辆),2021,970.62
轿车产量(万辆),2020,923.98
轿车产量(万辆),2019,1028.49
轿车产量(万辆),2018,1217.38
轿车产量(万辆),2017,1194.54
轿车产量(万辆),2016,1211.12
轿车产量(万辆),2015,1162.97
轿车产量(万辆),2014,1248.31
轿车产量(万辆),2013,1210.43
轿车产量(万辆),2012,1077
轿车产量(万辆),2011,1012.67
轿车产量(万辆),2010,957.59
轿车产量(万辆),2009,748.48
轿车产量(万辆),2008,503.81
轿车产量(万辆),2007,479.78
轿车产量(万辆),2006,386.94
轿车产量(万辆),2005,277.01
轿车产量(万辆),2004,227.63
轿车产量(万辆),2003,207.08
轿车产量(万辆),2002,109.2
轿车产量(万辆),2001,70.36
轿车产量(万辆),2000,60.7
轿车产量(万辆),1999,57.1
轿车产量(万辆),1998,50.71
载货汽车产量(万辆),2022,
载货汽车产量(万辆),2021,405.97
载货汽车产量(万辆),2020,459.03
载货汽车产量(万辆),2019,380.49
载货汽车产量(万辆),2018,370.32
载货汽车产量(万辆),2017,343.61
载货汽车产量(万辆),2016,301.24
载货汽车产量(万辆),2015,272.92
载货汽车产量(万辆),2014,312.9
载货汽车产量(万辆),2013,321.5
载货汽车产量(万辆),2012,302.04
载货汽车产量(万辆),2011,324.74
载货汽车产量(万辆),2010,391.57
载货汽车产量(万辆),2009,308
载货汽车产量(万辆),2008,202.7
载货汽车产量(万辆),2007,218.31
载货汽车产量(万辆),2006,179.76
载货汽车产量(万辆),2005,149.46
载货汽车产量(万辆),2004,111.56
载货汽车产量(万辆),2003,112.44
载货汽车产量(万辆),2002,109.2
载货汽车产量(万辆),2001,89.01
载货汽车产量(万辆),2000,86.29
载货汽车产量(万辆),1999,83.96
载货汽车产量(万辆),1998,73.56
罐头产量(万吨),2022,
罐头产量(万吨),2021,912.48
罐头产量(万吨),2020,939.21
罐头产量(万吨),2019,1034.63
罐头产量(万吨),2018,1047.85
罐头产量(万吨),2017,1314.31
罐头产量(万吨),2016,1394.86
罐头产量(万吨),2015,1309.93
罐头产量(万吨),2014,1256.32
罐头产量(万吨),2013,1163.62
罐头产量(万吨),2012,1043.01
罐头产量(万吨),2011,1093.41
罐头产量(万吨),2010,980.52
罐头产量(万吨),2009,811.65
罐头产量(万吨),2008,764.77
罐头产量(万吨),2007,603.62
罐头产量(万吨),2006,513.88
罐头产量(万吨),2005,500.32
罐头产量(万吨),2004,533.56
罐头产量(万吨),2003,436.38
罐头产量(万吨),2002,375.17
罐头产量(万吨),2001,290.37
罐头产量(万吨),2000,178.2
罐头产量(万吨),1999,169.09
罐头产量(万吨),1998,156.46
组合音响产量(万台),2022,
组合音响产量(万台),2021,22121.54
组合音响产量(万台),2020,16428.79
组合音响产量(万台),2019,16706.81
组合音响产量(万台),2018,15686.43
组合音响产量(万台),2017,11421.7
组合音响产量(万台),2016,9037.85
组合音响产量(万台),2015,9665.9
组合音响产量(万台),2014,11589.91
组合音响产量(万台),2013,12527.94
组合音响产量(万台),2012,13145.56
组合音响产量(万台),2011,15491.81
组合音响产量(万台),2010,11613.84
组合音响产量(万台),2009,9878.99
组合音响产量(万台),2008,10749.67
组合音响产量(万台),2007,5928.74
组合音响产量(万台),2006,5537.84
组合音响产量(万台),2005,7092.82
组合音响产量(万台),2004,5466.2
组合音响产量(万台),2003,5541.82
组合音响产量(万台),2002,4835.7
组合音响产量(万台),2001,4043.87
组合音响产量(万台),2000,2917.28
组合音响产量(万台),1999,2194.52
组合音响产量(万台),1998,1708.33
线材产量(万吨),2022,
线材产量(万吨),2021,15585.05
线材产量(万吨),2020,16655.6
线材产量(万吨),2019,15682
线材产量(万吨),2018,14414.96
线材产量(万吨),2017,12862.24
线材产量(万吨),2016,13390.85
线材产量(万吨),2015,13559.43
线材产量(万吨),2014,15313.91
线材产量(万吨),2013,15001.38
线材产量(万吨),2012,13659.94
线材产量(万吨),2011,12461.56
线材产量(万吨),2010,10572.67
线材产量(万吨),2009,9604.13
线材产量(万吨),2008,8053.55
线材产量(万吨),2007,7919.02
线材产量(万吨),2006,7207.4
线材产量(万吨),2005,6094.74
线材产量(万吨),2004,5148.51
线材产量(万吨),2003,4026.73
线材产量(万吨),2002,3562.35
线材产量(万吨),2001,3109.71
线材产量(万吨),2000,2635.37
线材产量(万吨),1999,2594.85
线材产量(万吨),1998,2203.06
纱产量(万吨),2022,2719.1
纱产量(万吨),2021,2873.71
纱产量(万吨),2020,2618.28
纱产量(万吨),2019,2827.16
纱产量(万吨),2018,3078.9
纱产量(万吨),2017,3191.39
纱产量(万吨),2016,3732.6
纱产量(万吨),2015,3538
纱产量(万吨),2014,3379.2
纱产量(万吨),2013,3200
纱产量(万吨),2012,2984
纱产量(万吨),2011,2717.86
纱产量(万吨),2010,2572.82
纱产量(万吨),2009,2266.45
纱产量(万吨),2008,2055.72
纱产量(万吨),2007,1958.42
纱产量(万吨),2006,1742.96
纱产量(万吨),2005,1450.54
纱产量(万吨),2004,1291.34
纱产量(万吨),2003,983.58
纱产量(万吨),2002,850
纱产量(万吨),2001,760.68
纱产量(万吨),2000,657
纱产量(万吨),1999,567
纱产量(万吨),1998,542
纯碱(碳酸钠)产量(万吨),2022,2920.2
纯碱(碳酸钠)产量(万吨),2021,2913.25
纯碱(碳酸钠)产量(万吨),2020,2812.37
纯碱(碳酸钠)产量(万吨),2019,2986.46
纯碱(碳酸钠)产量(万吨),2018,2647.96
纯碱(碳酸钠)产量(万吨),2017,2767.14
纯碱(碳酸钠)产量(万吨),2016,2584.98
纯碱(碳酸钠)产量(万吨),2015,2591.8
纯碱(碳酸钠)产量(万吨),2014,2525.84
纯碱(碳酸钠)产量(万吨),2013,2431.63
纯碱(碳酸钠)产量(万吨),2012,2395.93
纯碱(碳酸钠)产量(万吨),2011,2294.03
纯碱(碳酸钠)产量(万吨),2010,2034.82
纯碱(碳酸钠)产量(万吨),2009,1944.77
纯碱(碳酸钠)产量(万吨),2008,1854.6
纯碱(碳酸钠)产量(万吨),2007,1765
纯碱(碳酸钠)产量(万吨),2006,1560.03
纯碱(碳酸钠)产量(万吨),2005,1421.08
纯碱(碳酸钠)产量(万吨),2004,1334.7
纯碱(碳酸钠)产量(万吨),2003,1133.56
纯碱(碳酸钠)产量(万吨),2002,1033.15
纯碱(碳酸钠)产量(万吨),2001,914.37
纯碱(碳酸钠)产量(万吨),2000,834
纯碱(碳酸钠)产量(万吨),1999,766
纯碱(碳酸钠)产量(万吨),1998,744
精炼铜产量(万吨),2022,1106.3
精炼铜产量(万吨),2021,1048.67
精炼铜产量(万吨),2020,1002.51
精炼铜产量(万吨),2019,978.42
精炼铜产量(万吨),2018,978.33
精炼铜产量(万吨),2017,896.95
精炼铜产量(万吨),2016,843.63
精炼铜产量(万吨),2015,796.2
精炼铜产量(万吨),2014,764.37
精炼铜产量(万吨),2013,664.45
精炼铜产量(万吨),2012,575.73
精炼铜产量(万吨),2011,524.02
精炼铜产量(万吨),2010,458.65
精炼铜产量(万吨),2009,413.49
精炼铜产量(万吨),2008,380.06
精炼铜产量(万吨),2007,344.28
精炼铜产量(万吨),2006,300.21
精炼铜产量(万吨),2005,260.68
精炼铜产量(万吨),2004,220.21
精炼铜产量(万吨),2003,183.98
精炼铜产量(万吨),2002,163.25
精炼铜产量(万吨),2001,152.33
精炼铜产量(万吨),2000,137.11
精炼铜产量(万吨),1999,117.4
精炼铜产量(万吨),1998,121.3
精制食用植物油产量(万吨),2022,
精制食用植物油产量(万吨),2021,4973.11
精制食用植物油产量(万吨),2020,5476.22
精制食用植物油产量(万吨),2019,5421.76
精制食用植物油产量(万吨),2018,4940.43
精制食用植物油产量(万吨),2017,6071.82
精制食用植物油产量(万吨),2016,6907.54
精制食用植物油产量(万吨),2015,6734.3
精制食用植物油产量(万吨),2014,6534.1
精制食用植物油产量(万吨),2013,5590.55
精制食用植物油产量(万吨),2012,5172.97
精制食用植物油产量(万吨),2011,4331.8
精制食用植物油产量(万吨),2010,3878.54
精制食用植物油产量(万吨),2009,3433.43
精制食用植物油产量(万吨),2008,2805.09
精制食用植物油产量(万吨),2007,2636.98
精制食用植物油产量(万吨),2006,2335.23
精制食用植物油产量(万吨),2005,2070.96
精制食用植物油产量(万吨),2004,1682.63
精制食用植物油产量(万吨),2003,1584.29
精制食用植物油产量(万吨),2002,1531.22
精制食用植物油产量(万吨),2001,1383.17
精制食用植物油产量(万吨),2000,835.32
精制食用植物油产量(万吨),1999,733.79
精制食用植物油产量(万吨),1998,602.48
粗钢产量(万吨),2022,101795.9
粗钢产量(万吨),2021,103524.26
粗钢产量(万吨),2020,106476.68
粗钢产量(万吨),2019,99541.89
粗钢产量(万吨),2018,92903.84
粗钢产量(万吨),2017,87074.09
粗钢产量(万吨),2016,80760.94
粗钢产量(万吨),2015,80382.5
粗钢产量(万吨),2014,82230.63
粗钢产量(万吨),2013,81313.89
粗钢产量(万吨),2012,72388.22
粗钢产量(万吨),2011,68528.31
粗钢产量(万吨),2010,63722.99
粗钢产量(万吨),2009,57218.23
粗钢产量(万吨),2008,50305.75
粗钢产量(万吨),2007,48928.8
粗钢产量(万吨),2006,41914.85
粗钢产量(万吨),2005,35323.98
粗钢产量(万吨),2004,28291.09
粗钢产量(万吨),2003,22233.6
粗钢产量(万吨),2002,18236.61
粗钢产量(万吨),2001,15163.44
粗钢产量(万吨),2000,12850
粗钢产量(万吨),1999,12426
粗钢产量(万吨),1998,11559
笔记本计算机产量(万台),2022,
笔记本计算机产量(万台),2021,29501.36
笔记本计算机产量(万台),2020,23524.63
笔记本计算机产量(万台),2019,18533.22
笔记本计算机产量(万台),2018,17761.32
笔记本计算机产量(万台),2017,17243.52
笔记本计算机产量(万台),2016,16498.14
笔记本计算机产量(万台),2015,17436.03
笔记本计算机产量(万台),2014,22728.73
笔记本计算机产量(万台),2013,24041.53
笔记本计算机产量(万台),2012,25289.37
笔记本计算机产量(万台),2011,23897.41
笔记本计算机产量(万台),2010,18584.12
笔记本计算机产量(万台),2009,15009.47
笔记本计算机产量(万台),2008,11943.85
笔记本计算机产量(万台),2007,8671.43
笔记本计算机产量(万台),2006,6249.37
笔记本计算机产量(万台),2005,4564.99
笔记本计算机产量(万台),2004,3238.38
笔记本计算机产量(万台),2003,
笔记本计算机产量(万台),2002,
笔记本计算机产量(万台),2001,
笔记本计算机产量(万台),2000,
笔记本计算机产量(万台),1999,
笔记本计算机产量(万台),1998,
程控交换机产量(万线),2022,883.8
程控交换机产量(万线),2021,699.6
程控交换机产量(万线),2020,702.55
程控交换机产量(万线),2019,790.46
程控交换机产量(万线),2018,1036.65
程控交换机产量(万线),2017,937.86
程控交换机产量(万线),2016,1457.69
程控交换机产量(万线),2015,1880.3
程控交换机产量(万线),2014,2148.15
程控交换机产量(万线),2013,2698.53
程控交换机产量(万线),2012,2829.08
程控交换机产量(万线),2011,3034.04
程控交换机产量(万线),2010,3137.97
程控交换机产量(万线),2009,4152.5
程控交换机产量(万线),2008,4583.95
程控交换机产量(万线),2007,5387.05
程控交换机产量(万线),2006,7404.63
程控交换机产量(万线),2005,7720.9
程控交换机产量(万线),2004,7625.2
程控交换机产量(万线),2003,7379.93
程控交换机产量(万线),2002,5860.65
程控交换机产量(万线),2001,7223.5
程控交换机产量(万线),2000,7136
程控交换机产量(万线),1999,4726
程控交换机产量(万线),1998,4219.9
移动通信手持机产量(万台),2022,156080
移动通信手持机产量(万台),2021,166151.58
移动通信手持机产量(万台),2020,146961.78
移动通信手持机产量(万台),2019,169603.36
移动通信手持机产量(万台),2018,180050.62
移动通信手持机产量(万台),2017,188982.37
移动通信手持机产量(万台),2016,184845.66
移动通信手持机产量(万台),2015,181261.4
移动通信手持机产量(万台),2014,168202.75
移动通信手持机产量(万台),2013,152343.9
移动通信手持机产量(万台),2012,118154.57
移动通信手持机产量(万台),2011,113257.71
移动通信手持机产量(万台),2010,99827.36
移动通信手持机产量(万台),2009,68193.37
移动通信手持机产量(万台),2008,55945.1
移动通信手持机产量(万台),2007,54857.86
移动通信手持机产量(万台),2006,48013.79
移动通信手持机产量(万台),2005,30354.21
移动通信手持机产量(万台),2004,23751.58
移动通信手持机产量(万台),2003,18231.37
移动通信手持机产量(万台),2002,12146.35
移动通信手持机产量(万台),2001,8031.7
移动通信手持机产量(万台),2000,5247.88
移动通信手持机产量(万台),1999,
移动通信手持机产量(万台),1998,2215.2
磷肥产量(万吨),2022,
磷肥产量(万吨),2021,1039.04
磷肥产量(万吨),2020,1057.18
磷肥产量(万吨),2019,1308.4
磷肥产量(万吨),2018,1296.26
磷肥产量(万吨),2017,1501.05
磷肥产量(万吨),2016,1859.11
磷肥产量(万吨),2015,1857.2
磷肥产量(万吨),2014,1743.01
磷肥产量(万吨),2013,1673.08
磷肥产量(万吨),2012,1564.41
磷肥产量(万吨),2011,1561.22
磷肥产量(万吨),2010,1532.91
磷肥产量(万吨),2009,1513.14
磷肥产量(万吨),2008,1385.5
磷肥产量(万吨),2007,1339.28
磷肥产量(万吨),2006,1225.46
磷肥产量(万吨),2005,1206.2
磷肥产量(万吨),2004,1246.78
磷肥产量(万吨),2003,978.08
磷肥产量(万吨),2002,801.03
磷肥产量(万吨),2001,752.56
磷肥产量(万吨),2000,663.03
磷肥产量(万吨),1999,636.07
磷肥产量(万吨),1998,666.79
硫酸(折100%)产量(万吨),2022,9504.6
硫酸(折100%)产量(万吨),2021,9382.7
硫酸(折100%)产量(万吨),2020,9238.18
硫酸(折100%)产量(万吨),2019,9119.24
硫酸(折100%)产量(万吨),2018,9209.27
硫酸(折100%)产量(万吨),2017,9212.92
硫酸(折100%)产量(万吨),2016,9133.03
硫酸(折100%)产量(万吨),2015,8975.7
硫酸(折100%)产量(万吨),2014,8901.55
硫酸(折100%)产量(万吨),2013,8154.49
硫酸(折100%)产量(万吨),2012,7876.63
硫酸(折100%)产量(万吨),2011,7482.7
硫酸(折100%)产量(万吨),2010,7090.47
硫酸(折100%)产量(万吨),2009,5960.91
硫酸(折100%)产量(万吨),2008,5097.95
硫酸(折100%)产量(万吨),2007,5412.56
硫酸(折100%)产量(万吨),2006,5033.17
硫酸(折100%)产量(万吨),2005,4544.66
硫酸(折100%)产量(万吨),2004,3928.89
硫酸(折100%)产量(万吨),2003,3371.22
硫酸(折100%)产量(万吨),2002,3050.4
硫酸(折100%)产量(万吨),2001,2696.32
硫酸(折100%)产量(万吨),2000,2427
硫酸(折100%)产量(万吨),1999,2356
硫酸(折100%)产量(万吨),1998,2171
矿山专用设备产量(万吨),2022,
矿山专用设备产量(万吨),2021,688.43
矿山专用设备产量(万吨),2020,653.6
矿山专用设备产量(万吨),2019,673.11
矿山专用设备产量(万吨),2018,592.53
矿山专用设备产量(万吨),2017,812.66
矿山专用设备产量(万吨),2016,794.85
矿山专用设备产量(万吨),2015,730
矿山专用设备产量(万吨),2014,786.2
矿山专用设备产量(万吨),2013,778.6
矿山专用设备产量(万吨),2012,688.3
矿山专用设备产量(万吨),2011,444.1
矿山专用设备产量(万吨),2010,419.7
矿山专用设备产量(万吨),2009,339.15
矿山专用设备产量(万吨),2008,306.84
矿山专用设备产量(万吨),2007,246.15
矿山专用设备产量(万吨),2006,198.05
矿山专用设备产量(万吨),2005,163.46
矿山专用设备产量(万吨),2004,196.29
矿山专用设备产量(万吨),2003,79.08
矿山专用设备产量(万吨),2002,84.04
矿山专用设备产量(万吨),2001,64.19
矿山专用设备产量(万吨),2000,30.5
矿山专用设备产量(万吨),1999,30.14
矿山专用设备产量(万吨),1998,35.55
电话单机产量(万部),2022,
电话单机产量(万部),2021,
电话单机产量(万部),2020,5134.52
电话单机产量(万部),2019,5710.16
电话单机产量(万部),2018,6146.61
电话单机产量(万部),2017,7239.37
电话单机产量(万部),2016,10524.8
电话单机产量(万部),2015,11664.7
电话单机产量(万部),2014,12286.8
电话单机产量(万部),2013,12519.67
电话单机产量(万部),2012,12773.84
电话单机产量(万部),2011,14017.91
电话单机产量(万部),2010,16769.68
电话单机产量(万部),2009,14537.7
电话单机产量(万部),2008,18244.72
电话单机产量(万部),2007,16516.46
电话单机产量(万部),2006,18647.83
电话单机产量(万部),2005,18861.52
电话单机产量(万部),2004,19515.71
电话单机产量(万部),2003,12935.9
电话单机产量(万部),2002,11892.42
电话单机产量(万部),2001,10302.74
电话单机产量(万部),2000,9597.99
电话单机产量(万部),1999,7139.93
电话单机产量(万部),1998,6520.48
生铁产量(万吨),2022,86382.8
生铁产量(万吨),2021,86856.78
生铁产量(万吨),2020,88897.61
生铁产量(万吨),2019,80849.38
生铁产量(万吨),2018,77987.63
生铁产量(万吨),2017,71361.93
生铁产量(万吨),2016,70227.33
生铁产量(万吨),2015,69141.3
生铁产量(万吨),2014,71374.78
生铁产量(万吨),2013,71149.88
生铁产量(万吨),2012,66354.4
生铁产量(万吨),2011,64050.88
生铁产量(万吨),2010,59733.34
生铁产量(万吨),2009,55283.46
生铁产量(万吨),2008,47824.42
生铁产量(万吨),2007,47651.63
生铁产量(万吨),2006,41245.19
生铁产量(万吨),2005,34375.19
生铁产量(万吨),2004,26830.99
生铁产量(万吨),2003,21366.68
生铁产量(万吨),2002,17084.6
生铁产量(万吨),2001,15554.25
生铁产量(万吨),2000,13101.48
生铁产量(万吨),1999,12539.24
生铁产量(万吨),1998,11863.67
特厚板产量(万吨),2022,
特厚板产量(万吨),2021,978.78
特厚板产量(万吨),2020,1055.06
特厚板产量(万吨),2019,859.87
特厚板产量(万吨),2018,808.33
特厚板产量(万吨),2017,729.67
特厚板产量(万吨),2016,748.84
特厚板产量(万吨),2015,709.59
特厚板产量(万吨),2014,727
特厚板产量(万吨),2013,619.24
特厚板产量(万吨),2012,537.08
特厚板产量(万吨),2011,618.04
特厚板产量(万吨),2010,582.78
特厚板产量(万吨),2009,474.9
特厚板产量(万吨),2008,459.12
特厚板产量(万吨),2007,426.03
特厚板产量(万吨),2006,324.86
特厚板产量(万吨),2005,237.4
特厚板产量(万吨),2004,182.38
特厚板产量(万吨),2003,132.99
特厚板产量(万吨),2002,103.53
特厚板产量(万吨),2001,90.91
特厚板产量(万吨),2000,76.04
特厚板产量(万吨),1999,48.37
特厚板产量(万吨),1998,59.24
照相机产量(万台),2022,
照相机产量(万台),2021,1124.96
照相机产量(万台),2020,1028.22
照相机产量(万台),2019,1595.24
照相机产量(万台),2018,2086.95
照相机产量(万台),2017,2308.27
照相机产量(万台),2016,2306.77
照相机产量(万台),2015,2845.4
照相机产量(万台),2014,3123
照相机产量(万台),2013,4690.89
照相机产量(万台),2012,8801.71
照相机产量(万台),2011,8241.34
照相机产量(万台),2010,9327.7
照相机产量(万台),2009,8457.81
照相机产量(万台),2008,8193.03
照相机产量(万台),2007,8689.6
照相机产量(万台),2006,7958.16
照相机产量(万台),2005,8199
照相机产量(万台),2004,7891.4
照相机产量(万台),2003,6198.14
照相机产量(万台),2002,5309.61
照相机产量(万台),2001,5962.09
照相机产量(万台),2000,5514.52
照相机产量(万台),1999,4832.29
照相机产量(万台),1998,5521.87
焦炭产量(万吨),2022,47343.64
焦炭产量(万吨),2021,46445.78
焦炭产量(万吨),2020,47116.12
焦炭产量(万吨),2019,47126.16
焦炭产量(万吨),2018,44834.2
焦炭产量(万吨),2017,43142.55
焦炭产量(万吨),2016,44911.48
焦炭产量(万吨),2015,44822.54
焦炭产量(万吨),2014,47980.86
焦炭产量(万吨),2013,48179.38
焦炭产量(万吨),2012,43831.45
焦炭产量(万吨),2011,43433
焦炭产量(万吨),2010,38657.83
焦炭产量(万吨),2009,35744.05
焦炭产量(万吨),2008,32313.94
焦炭产量(万吨),2007,33105.28
焦炭产量(万吨),2006,30074.36
焦炭产量(万吨),2005,26511.7
焦炭产量(万吨),2004,20619
焦炭产量(万吨),2003,17775.71
焦炭产量(万吨),2002,14279.81
焦炭产量(万吨),2001,13130.7
焦炭产量(万吨),2000,12184.02
焦炭产量(万吨),1999,12073.74
焦炭产量(万吨),1998,12806
热轧薄宽钢带产量(万吨),2022,
热轧薄宽钢带产量(万吨),2021,9756.89
热轧薄宽钢带产量(万吨),2020,8921.39
热轧薄宽钢带产量(万吨),2019,8361.98
热轧薄宽钢带产量(万吨),2018,7944.88
热轧薄宽钢带产量(万吨),2017,5503.33
热轧薄宽钢带产量(万吨),2016,5459.56
热轧薄宽钢带产量(万吨),2015,4989.25
热轧薄宽钢带产量(万吨),2014,5296.8
热轧薄宽钢带产量(万吨),2013,5444.56
热轧薄宽钢带产量(万吨),2012,5036.01
热轧薄宽钢带产量(万吨),2011,4256.94
热轧薄宽钢带产量(万吨),2010,3750.89
热轧薄宽钢带产量(万吨),2009,3036.91
热轧薄宽钢带产量(万吨),2008,2461.86
热轧薄宽钢带产量(万吨),2007,1879.79
热轧薄宽钢带产量(万吨),2006,1745.4
热轧薄宽钢带产量(万吨),2005,1156.35
热轧薄宽钢带产量(万吨),2004,917.79
热轧薄宽钢带产量(万吨),2003,
热轧薄宽钢带产量(万吨),2002,
热轧薄宽钢带产量(万吨),2001,
热轧薄宽钢带产量(万吨),2000,
热轧薄宽钢带产量(万吨),1999,
热轧薄宽钢带产量(万吨),1998,
烧碱(折100%)产量(万吨),2022,3980.5
烧碱(折100%)产量(万吨),2021,3891.31
烧碱(折100%)产量(万吨),2020,3673.87
烧碱(折100%)产量(万吨),2019,3457.89
烧碱(折100%)产量(万吨),2018,3475.47
烧碱(折100%)产量(万吨),2017,3329.17
烧碱(折100%)产量(万吨),2016,3201.68
烧碱(折100%)产量(万吨),2015,3020.66
烧碱(折100%)产量(万吨),2014,3063.51
烧碱(折100%)产量(万吨),2013,2927.44
烧碱(折100%)产量(万吨),2012,2696.82
烧碱(折100%)产量(万吨),2011,2473.52
烧碱(折100%)产量(万吨),2010,2228.39
烧碱(折100%)产量(万吨),2009,1832.37
烧碱(折100%)产量(万吨),2008,1926.01
烧碱(折100%)产量(万吨),2007,1759.29
烧碱(折100%)产量(万吨),2006,1511.78
烧碱(折100%)产量(万吨),2005,1239.98
烧碱(折100%)产量(万吨),2004,1041.12
烧碱(折100%)产量(万吨),2003,945.27
烧碱(折100%)产量(万吨),2002,877.97
烧碱(折100%)产量(万吨),2001,787.96
烧碱(折100%)产量(万吨),2000,667.88
烧碱(折100%)产量(万吨),1999,580.14
烧碱(折100%)产量(万吨),1998,539.37
炼油、化工生产专用设备产量(万吨),2022,
炼油、化工生产专用设备产量(万吨),2021,149.72
炼油、化工生产专用设备产量(万吨),2020,118.52
炼油、化工生产专用设备产量(万吨),2019,127.09
炼油、化工生产专用设备产量(万吨),2018,119.88
炼油、化工生产专用设备产量(万吨),2017,150.84
炼油、化工生产专用设备产量(万吨),2016,186.73
炼油、化工生产专用设备产量(万吨),2015,217.3
炼油、化工生产专用设备产量(万吨),2014,241.1
炼油、化工生产专用设备产量(万吨),2013,207.17
炼油、化工生产专用设备产量(万吨),2012,205.46
炼油、化工生产专用设备产量(万吨),2011,175.76
炼油、化工生产专用设备产量(万吨),2010,132.22
炼油、化工生产专用设备产量(万吨),2009,96.48
炼油、化工生产专用设备产量(万吨),2008,97.61
炼油、化工生产专用设备产量(万吨),2007,44.79
炼油、化工生产专用设备产量(万吨),2006,37.65
炼油、化工生产专用设备产量(万吨),2005,17.71
炼油、化工生产专用设备产量(万吨),2004,61.35
炼油、化工生产专用设备产量(万吨),2003,29.28
炼油、化工生产专用设备产量(万吨),2002,28.12
炼油、化工生产专用设备产量(万吨),2001,27.46
炼油、化工生产专用设备产量(万吨),2000,17.52
炼油、化工生产专用设备产量(万吨),1999,
炼油、化工生产专用设备产量(万吨),1998,
火电发电量(亿千瓦小时),2022,58887.95
火电发电量(亿千瓦小时),2021,58058.68
火电发电量(亿千瓦小时),2020,53302.48
火电发电量(亿千瓦小时),2019,52201.48
火电发电量(亿千瓦小时),2018,50963.18
火电发电量(亿千瓦小时),2017,47546
火电发电量(亿千瓦小时),2016,44370.68
火电发电量(亿千瓦小时),2015,42841.88
火电发电量(亿千瓦小时),2014,44001.11
火电发电量(亿千瓦小时),2013,42470.1
火电发电量(亿千瓦小时),2012,38928.1
火电发电量(亿千瓦小时),2011,38337.02
火电发电量(亿千瓦小时),2010,33319.28
火电发电量(亿千瓦小时),2009,29827.76
火电发电量(亿千瓦小时),2008,27072.3
火电发电量(亿千瓦小时),2007,27229.33
火电发电量(亿千瓦小时),2006,23696.03
火电发电量(亿千瓦小时),2005,20473.36
火电发电量(亿千瓦小时),2004,17956
火电发电量(亿千瓦小时),2003,15804
火电发电量(亿千瓦小时),2002,13274
火电发电量(亿千瓦小时),2001,11768
火电发电量(亿千瓦小时),2000,11141.9
火电发电量(亿千瓦小时),1999,9868
火电发电量(亿千瓦小时),1998,9267
汽车产量(万辆),2022,2718
汽车产量(万辆),2021,2625.7
汽车产量(万辆),2020,2532.49
汽车产量(万辆),2019,2567.67
汽车产量(万辆),2018,2782.74
汽车产量(万辆),2017,2901.81
汽车产量(万辆),2016,2811.91
汽车产量(万辆),2015,2450.35
汽车产量(万辆),2014,2372.52
汽车产量(万辆),2013,2212.09
汽车产量(万辆),2012,1927.62
汽车产量(万辆),2011,1841.64
汽车产量(万辆),2010,1826.53
汽车产量(万辆),2009,1379.53
汽车产量(万辆),2008,930.59
汽车产量(万辆),2007,888.89
汽车产量(万辆),2006,727.89
汽车产量(万辆),2005,570.49
汽车产量(万辆),2004,509.11
汽车产量(万辆),2003,444.39
汽车产量(万辆),2002,325.1
汽车产量(万辆),2001,234.17
汽车产量(万辆),2000,207
汽车产量(万辆),1999,183.2
汽车产量(万辆),1998,163
汽油产量(万吨),2022,
汽油产量(万吨),2021,15457.3
汽油产量(万吨),2020,13171.69
汽油产量(万吨),2019,14120.68
汽油产量(万吨),2018,13964.69
汽油产量(万吨),2017,13276.19
汽油产量(万吨),2016,12932.03
汽油产量(万吨),2015,12103.56
汽油产量(万吨),2014,11029.85
汽油产量(万吨),2013,9834.04
汽油产量(万吨),2012,8976.07
汽油产量(万吨),2011,8158.06
汽油产量(万吨),2010,7676.04
汽油产量(万吨),2009,7195.48
汽油产量(万吨),2008,6347.54
汽油产量(万吨),2007,5989.42
汽油产量(万吨),2006,5594.76
汽油产量(万吨),2005,5409.22
汽油产量(万吨),2004,5277.99
汽油产量(万吨),2003,4790.86
汽油产量(万吨),2002,4320.76
汽油产量(万吨),2001,4154.66
汽油产量(万吨),2000,4134.67
汽油产量(万吨),1999,3741.27
汽油产量(万吨),1998,3465.4
水电发电量(亿千瓦小时),2022,13521.95
水电发电量(亿千瓦小时),2021,13389.99
水电发电量(亿千瓦小时),2020,13552.09
水电发电量(亿千瓦小时),2019,13044.38
水电发电量(亿千瓦小时),2018,12317.87
水电发电量(亿千瓦小时),2017,11978.65
水电发电量(亿千瓦小时),2016,11840.48
水电发电量(亿千瓦小时),2015,11302.7
水电发电量(亿千瓦小时),2014,10728.82
水电发电量(亿千瓦小时),2013,9202.92
水电发电量(亿千瓦小时),2012,8721.07
水电发电量(亿千瓦小时),2011,6989.45
水电发电量(亿千瓦小时),2010,7221.72
水电发电量(亿千瓦小时),2009,6156.44
水电发电量(亿千瓦小时),2008,5851.87
水电发电量(亿千瓦小时),2007,4852.64
水电发电量(亿千瓦小时),2006,4357.86
水电发电量(亿千瓦小时),2005,3970.17
水电发电量(亿千瓦小时),2004,3535.44
水电发电量(亿千瓦小时),2003,2836.81
水电发电量(亿千瓦小时),2002,2879.74
水电发电量(亿千瓦小时),2001,2774.32
水电发电量(亿千瓦小时),2000,2224.14
水电发电量(亿千瓦小时),1999,1965.8
水电发电量(亿千瓦小时),1998,1988.9
水泥产量(万吨),2022,212951.3
水泥产量(万吨),2021,237724.49
水泥产量(万吨),2020,239470.83
水泥产量(万吨),2019,234430.62
水泥产量(万吨),2018,223609.62
水泥产量(万吨),2017,233084.06
水泥产量(万吨),2016,241030.98
水泥产量(万吨),2015,235918.83
水泥产量(万吨),2014,249207.08
水泥产量(万吨),2013,241923.89
水泥产量(万吨),2012,220984.08
水泥产量(万吨),2011,209925.86
水泥产量(万吨),2010,188191.17
水泥产量(万吨),2009,164397.78
水泥产量(万吨),2008,142355.73
水泥产量(万吨),2007,136117.25
水泥产量(万吨),2006,123676.48
水泥产量(万吨),2005,106884.79
水泥产量(万吨),2004,96681.99
水泥产量(万吨),2003,86208.11
水泥产量(万吨),2002,72500
水泥产量(万吨),2001,66103.99
水泥产量(万吨),2000,59700
水泥产量(万吨),1999,57300
水泥产量(万吨),1998,53600
氮肥产量(万吨),2022,
氮肥产量(万吨),2021,3797.54
氮肥产量(万吨),2020,3702.48
氮肥产量(万吨),2019,3556.25
氮肥产量(万吨),2018,3457.12
氮肥产量(万吨),2017,3795.15
氮肥产量(万吨),2016,4105.47
氮肥产量(万吨),2015,4970.57
氮肥产量(万吨),2014,4564.24
氮肥产量(万吨),2013,4832.61
氮肥产量(万吨),2012,4865.58
氮肥产量(万吨),2011,4500.97
氮肥产量(万吨),2010,4458.67
氮肥产量(万吨),2009,4553.36
氮肥产量(万吨),2008,4392.42
氮肥产量(万吨),2007,4233.13
氮肥产量(万吨),2006,3911.54
氮肥产量(万吨),2005,3809.03
氮肥产量(万吨),2004,3357.73
氮肥产量(万吨),2003,2814.52
氮肥产量(万吨),2002,2808.48
氮肥产量(万吨),2001,2527.37
氮肥产量(万吨),2000,2398.11
氮肥产量(万吨),1999,2471.96
氮肥产量(万吨),1998,2225.67
氧化铝产量(万吨),2022,
氧化铝产量(万吨),2021,7747.54
氧化铝产量(万吨),2020,7313.19
氧化铝产量(万吨),2019,7230.16
氧化铝产量(万吨),2018,7457.41
氧化铝产量(万吨),2017,6900.67
氧化铝产量(万吨),2016,6090.6
氧化铝产量(万吨),2015,5897.9
氧化铝产量(万吨),2014,5239.91
氧化铝产量(万吨),2013,4774.96
氧化铝产量(万吨),2012,4071.59
氧化铝产量(万吨),2011,3417.2
氧化铝产量(万吨),2010,2893.02
氧化铝产量(万吨),2009,2379.29
氧化铝产量(万吨),2008,2302.92
氧化铝产量(万吨),2007,1946.67
氧化铝产量(万吨),2006,1325.69
氧化铝产量(万吨),2005,859.22
氧化铝产量(万吨),2004,697.86
氧化铝产量(万吨),2003,609.39
氧化铝产量(万吨),2002,547.84
氧化铝产量(万吨),2001,474.62
氧化铝产量(万吨),2000,432.17
氧化铝产量(万吨),1999,383.66
氧化铝产量(万吨),1998,333.51
橡胶轮胎外胎产量(万条),2022,
橡胶轮胎外胎产量(万条),2021,90246.15
橡胶轮胎外胎产量(万条),2020,80747.48
橡胶轮胎外胎产量(万条),2019,84445.28
橡胶轮胎外胎产量(万条),2018,88608.72
橡胶轮胎外胎产量(万条),2017,92789.58
橡胶轮胎外胎产量(万条),2016,94974.05
橡胶轮胎外胎产量(万条),2015,92831.39
橡胶轮胎外胎产量(万条),2014,111913.11
橡胶轮胎外胎产量(万条),2013,110440.12
橡胶轮胎外胎产量(万条),2012,89370.49
橡胶轮胎外胎产量(万条),2011,83566.22
橡胶轮胎外胎产量(万条),2010,77611.83
橡胶轮胎外胎产量(万条),2009,65601.56
橡胶轮胎外胎产量(万条),2008,51956.94
橡胶轮胎外胎产量(万条),2007,55832.97
橡胶轮胎外胎产量(万条),2006,43547.08
橡胶轮胎外胎产量(万条),2005,34390.06
橡胶轮胎外胎产量(万条),2004,32709.37
橡胶轮胎外胎产量(万条),2003,19311.96
橡胶轮胎外胎产量(万条),2002,16306.59
橡胶轮胎外胎产量(万条),2001,13573
橡胶轮胎外胎产量(万条),2000,12157.87
橡胶轮胎外胎产量(万条),1999,10969.84
橡胶轮胎外胎产量(万条),1998,9513.46
棒材产量(万吨),2022,
棒材产量(万吨),2021,9118.91
棒材产量(万吨),2020,9338.57
棒材产量(万吨),2019,8035.74
棒材产量(万吨),2018,7652.51
棒材产量(万吨),2017,6743.96
棒材产量(万吨),2016,6516.81
棒材产量(万吨),2015,6567.3
棒材产量(万吨),2014,7941.8
棒材产量(万吨),2013,7789.95
棒材产量(万吨),2012,7451.16
棒材产量(万吨),2011,6987.37
棒材产量(万吨),2010,6608.86
棒材产量(万吨),2009,5575.61
棒材产量(万吨),2008,4733.43
棒材产量(万吨),2007,4574.38
棒材产量(万吨),2006,3694.07
棒材产量(万吨),2005,2899.58
棒材产量(万吨),2004,2617.65
棒材产量(万吨),2003,
棒材产量(万吨),2002,
棒材产量(万吨),2001,
棒材产量(万吨),2000,
棒材产量(万吨),1999,
棒材产量(万吨),1998,
柴油产量(万吨),2022,
柴油产量(万吨),2021,16337.02
柴油产量(万吨),2020,15904.85
柴油产量(万吨),2019,16638.27
柴油产量(万吨),2018,17360.07
柴油产量(万吨),2017,18318.02
柴油产量(万吨),2016,17917.66
柴油产量(万吨),2015,18007.89
柴油产量(万吨),2014,17635.34
柴油产量(万吨),2013,17275.71
柴油产量(万吨),2012,17063.81
柴油产量(万吨),2011,16676.31
柴油产量(万吨),2010,15888.15
柴油产量(万吨),2009,14127
柴油产量(万吨),2008,13323.6
柴油产量(万吨),2007,12359.11
柴油产量(万吨),2006,11655.54
柴油产量(万吨),2005,11079.42
柴油产量(万吨),2004,10178.66
柴油产量(万吨),2003,8532.78
柴油产量(万吨),2002,7706.1
柴油产量(万吨),2001,7485.66
柴油产量(万吨),2000,7079.62
柴油产量(万吨),1999,6302.68
柴油产量(万吨),1998,4884.11
机制纸及纸板产量(万吨),2022,
机制纸及纸板产量(万吨),2021,13583.87
机制纸及纸板产量(万吨),2020,12700.63
机制纸及纸板产量(万吨),2019,12515.3
机制纸及纸板产量(万吨),2018,12045.97
机制纸及纸板产量(万吨),2017,12542.01
机制纸及纸板产量(万吨),2016,12319.22
机制纸及纸板产量(万吨),2015,11742.77
机制纸及纸板产量(万吨),2014,11785.8
机制纸及纸板产量(万吨),2013,11323.06
机制纸及纸板产量(万吨),2012,10956.54
机制纸及纸板产量(万吨),2011,11010.89
机制纸及纸板产量(万吨),2010,9832.63
机制纸及纸板产量(万吨),2009,8965.13
机制纸及纸板产量(万吨),2008,8404.3
机制纸及纸板产量(万吨),2007,7792.43
机制纸及纸板产量(万吨),2006,6863.02
机制纸及纸板产量(万吨),2005,6205.42
机制纸及纸板产量(万吨),2004,5413.27
机制纸及纸板产量(万吨),2003,4849.33
机制纸及纸板产量(万吨),2002,4666.99
机制纸及纸板产量(万吨),2001,3777.07
机制纸及纸板产量(万吨),2000,2486.93
机制纸及纸板产量(万吨),1999,2159.3
机制纸及纸板产量(万吨),1998,2125.63
显示器产量(万台),2022,
显示器产量(万台),2021,17368.6
显示器产量(万台),2020,17043.65
显示器产量(万台),2019,16982.95
显示器产量(万台),2018,16530.72
显示器产量(万台),2017,17437.32
显示器产量(万台),2016,19727.8
显示器产量(万台),2015,17365.4
显示器产量(万台),2014,16396.1
显示器产量(万台),2013,13631.16
显示器产量(万台),2012,12713.27
显示器产量(万台),2011,12680.54
显示器产量(万台),2010,13926.99
显示器产量(万台),2009,13123.47
显示器产量(万台),2008,11959.89
显示器产量(万台),2007,14438.12
显示器产量(万台),2006,13359.98
显示器产量(万台),2005,10519.67
显示器产量(万台),2004,14533.58
显示器产量(万台),2003,8469.03
显示器产量(万台),2002,5225.56
显示器产量(万台),2001,3827.79
显示器产量(万台),2000,3450.92
显示器产量(万台),1999,
显示器产量(万台),1998,
数码照相机产量(万台),2022,
数码照相机产量(万台),2021,701.59
数码照相机产量(万台),2020,560.3
数码照相机产量(万台),2019,818.6
数码照相机产量(万台),2018,1278.13
数码照相机产量(万台),2017,1614.87
数码照相机产量(万台),2016,1527.27
数码照相机产量(万台),2015,1922.7
数码照相机产量(万台),2014,2467.5
数码照相机产量(万台),2013,3620.14
数码照相机产量(万台),2012,7007.07
数码照相机产量(万台),2011,8051.25
数码照相机产量(万台),2010,9128.5
数码照相机产量(万台),2009,8026.32
数码照相机产量(万台),2008,7974.58
数码照相机产量(万台),2007,7493.46
数码照相机产量(万台),2006,6101.8
数码照相机产量(万台),2005,5522.97
数码照相机产量(万台),2004,4207.59
数码照相机产量(万台),2003,
数码照相机产量(万台),2002,
数码照相机产量(万台),2001,
数码照相机产量(万台),2000,
数码照相机产量(万台),1999,
数码照相机产量(万台),1998,
摩托车整车产量(万辆),2022,
摩托车整车产量(万辆),2021,2578.74
摩托车整车产量(万辆),2020,2180.25
摩托车整车产量(万辆),2019,1698.84
摩托车整车产量(万辆),2018,1820.52
摩托车整车产量(万辆),2017,2267.66
摩托车整车产量(万辆),2016,2390.69
摩托车整车产量(万辆),2015,2502.8
摩托车整车产量(万辆),2014,2691.7
摩托车整车产量(万辆),2013,2527.1
摩托车整车产量(万辆),2012,2603.02
摩托车整车产量(万辆),2011,2735.5
摩托车整车产量(万辆),2010,2734.17
摩托车整车产量(万辆),2009,2758.72
摩托车整车产量(万辆),2008,2837.87
摩托车整车产量(万辆),2007,2508.32
摩托车整车产量(万辆),2006,2054.5
摩托车整车产量(万辆),2005,1690.93
摩托车整车产量(万辆),2004,1674.92
摩托车整车产量(万辆),2003,1461.34
摩托车整车产量(万辆),2002,1198.8
摩托车整车产量(万辆),2001,1041.45
摩托车整车产量(万辆),2000,960.19
摩托车整车产量(万辆),1999,978.2
摩托车整车产量(万辆),1998,829.09
房间空气调节器产量(万台),2022,22247.3
房间空气调节器产量(万台),2021,21835.7
房间空气调节器产量(万台),2020,21035.25
房间空气调节器产量(万台),2019,21866.16
房间空气调节器产量(万台),2018,20955.68
房间空气调节器产量(万台),2017,17861.53
房间空气调节器产量(万台),2016,14342.37
房间空气调节器产量(万台),2015,14200.35
房间空气调节器产量(万台),2014,14463.27
房间空气调节器产量(万台),2013,13069.3
房间空气调节器产量(万台),2012,12398.72
房间空气调节器产量(万台),2011,13912.5
房间空气调节器产量(万台),2010,10887.47
房间空气调节器产量(万台),2009,8078.25
房间空气调节器产量(万台),2008,8147.37
房间空气调节器产量(万台),2007,8014.28
房间空气调节器产量(万台),2006,6849.42
房间空气调节器产量(万台),2005,6764.57
房间空气调节器产量(万台),2004,6390.33
房间空气调节器产量(万台),2003,4820.86
房间空气调节器产量(万台),2002,3135.11
房间空气调节器产量(万台),2001,2333.64
房间空气调节器产量(万台),2000,1826.67
房间空气调节器产量(万台),1999,1337.64
房间空气调节器产量(万台),1998,1156.87
成品糖产量(万吨),2022,1486.8
成品糖产量(万吨),2021,1449.74
成品糖产量(万吨),2020,1431.3
成品糖产量(万吨),2019,1389.39
成品糖产量(万吨),2018,1198.77
成品糖产量(万吨),2017,1472.04
成品糖产量(万吨),2016,1443.3
成品糖产量(万吨),2015,1474.11
成品糖产量(万吨),2014,1642.67
成品糖产量(万吨),2013,1592.76
成品糖产量(万吨),2012,1409.47
成品糖产量(万吨),2011,1187.43
成品糖产量(万吨),2010,1117.59
成品糖产量(万吨),2009,1338.35
成品糖产量(万吨),2008,1432.61
成品糖产量(万吨),2007,1271.38
成品糖产量(万吨),2006,949.07
成品糖产量(万吨),2005,912.37
成品糖产量(万吨),2004,1033.7
成品糖产量(万吨),2003,1083.94
成品糖产量(万吨),2002,926
成品糖产量(万吨),2001,653.1
成品糖产量(万吨),2000,700
成品糖产量(万吨),1999,861
成品糖产量(万吨),1998,826
微型计算机设备产量(万台),2022,43418.2
微型计算机设备产量(万台),2021,46691.98
微型计算机设备产量(万台),2020,37800.41
微型计算机设备产量(万台),2019,34163.22
微型计算机设备产量(万台),2018,31580.23
微型计算机设备产量(万台),2017,30678.37
微型计算机设备产量(万台),2016,29008.51
微型计算机设备产量(万台),2015,31418.7
微型计算机设备产量(万台),2014,35079.63
微型计算机设备产量(万台),2013,35348.41
微型计算机设备产量(万台),2012,31806.71
微型计算机设备产量(万台),2011,32036.93
微型计算机设备产量(万台),2010,24584.46
微型计算机设备产量(万台),2009,18215.07
微型计算机设备产量(万台),2008,15853.65
微型计算机设备产量(万台),2007,12073.38
微型计算机设备产量(万台),2006,9336.44
微型计算机设备产量(万台),2005,8084.89
微型计算机设备产量(万台),2004,5974.9
微型计算机设备产量(万台),2003,3216.7
微型计算机设备产量(万台),2002,1463.51
微型计算机设备产量(万台),2001,877.65
微型计算机设备产量(万台),2000,672
微型计算机设备产量(万台),1999,405
微型计算机设备产量(万台),1998,291.4
彩色电视机产量(万台),2022,19578.3
彩色电视机产量(万台),2021,18496.53
彩色电视机产量(万台),2020,19626.24
彩色电视机产量(万台),2019,18999.06
彩色电视机产量(万台),2018,19695.03
彩色电视机产量(万台),2017,15932.62
彩色电视机产量(万台),2016,15769.64
彩色电视机产量(万台),2015,14475.73
彩色电视机产量(万台),2014,14128.9
彩色电视机产量(万台),2013,12745.21
彩色电视机产量(万台),2012,12823.52
彩色电视机产量(万台),2011,12231.34
彩色电视机产量(万台),2010,11830.03
彩色电视机产量(万台),2009,9898.79
彩色电视机产量(万台),2008,9187.14
彩色电视机产量(万台),2007,8478.01
彩色电视机产量(万台),2006,8375.4
彩色电视机产量(万台),2005,8283.22
彩色电视机产量(万台),2004,7431.83
彩色电视机产量(万台),2003,6541.4
彩色电视机产量(万台),2002,5155
彩色电视机产量(万台),2001,4093.7
彩色电视机产量(万台),2000,3936
彩色电视机产量(万台),1999,4262
彩色电视机产量(万台),1998,3497
平板玻璃产量(万重量箱),2022,101620.8
平板玻璃产量(万重量箱),2021,101727.37
平板玻璃产量(万重量箱),2020,95227.79
平板玻璃产量(万重量箱),2019,94461.22
平板玻璃产量(万重量箱),2018,93963.26
平板玻璃产量(万重量箱),2017,83765.8
平板玻璃产量(万重量箱),2016,80408.45
平板玻璃产量(万重量箱),2015,78651.63
平板玻璃产量(万重量箱),2014,83128.16
平板玻璃产量(万重量箱),2013,79285.8
平板玻璃产量(万重量箱),2012,75050.5
平板玻璃产量(万重量箱),2011,79107.55
平板玻璃产量(万重量箱),2010,66330.8
平板玻璃产量(万重量箱),2009,58574.07
平板玻璃产量(万重量箱),2008,59890.39
平板玻璃产量(万重量箱),2007,53918.07
平板玻璃产量(万重量箱),2006,46574.7
平板玻璃产量(万重量箱),2005,40210.24
平板玻璃产量(万重量箱),2004,37026.17
平板玻璃产量(万重量箱),2003,27702.6
平板玻璃产量(万重量箱),2002,23445.56
平板玻璃产量(万重量箱),2001,20964.12
平板玻璃产量(万重量箱),2000,18352.2
平板玻璃产量(万重量箱),1999,17419.79
平板玻璃产量(万重量箱),1998,17194.03
布产量(亿米),2022,467.5
布产量(亿米),2021,501.95
布产量(亿米),2020,459.19
布产量(亿米),2019,555.19
布产量(亿米),2018,698.47
布产量(亿米),2017,691.05
布产量(亿米),2016,906.75
布产量(亿米),2015,892.58
布产量(亿米),2014,893.68
布产量(亿米),2013,897.59
布产量(亿米),2012,848.94
布产量(亿米),2011,814.14
布产量(亿米),2010,800
布产量(亿米),2009,753.42
布产量(亿米),2008,723.05
布产量(亿米),2007,675.26
布产量(亿米),2006,598.55
布产量(亿米),2005,484.39
布产量(亿米),2004,482.1
布产量(亿米),2003,353.52
布产量(亿米),2002,322.39
布产量(亿米),2001,290
布产量(亿米),2000,277
布产量(亿米),1999,250
布产量(亿米),1998,241
家用电风扇产量(万台),2022,
家用电风扇产量(万台),2021,24972.4
家用电风扇产量(万台),2020,23630.83
家用电风扇产量(万台),2019,21607.17
家用电风扇产量(万台),2018,20524.43
家用电风扇产量(万台),2017,18643.05
家用电风扇产量(万台),2016,17631.87
家用电风扇产量(万台),2015,17173.56
家用电风扇产量(万台),2014,16551.17
家用电风扇产量(万台),2013,15875.5
家用电风扇产量(万台),2012,16593.59
家用电风扇产量(万台),2011,18845.89
家用电风扇产量(万台),2010,18067.92
家用电风扇产量(万台),2009,15955.05
家用电风扇产量(万台),2008,15866.85
家用电风扇产量(万台),2007,15440.04
家用电风扇产量(万台),2006,14465.85
家用电风扇产量(万台),2005,12022.39
家用电风扇产量(万台),2004,14169.67
家用电风扇产量(万台),2003,12980.92
家用电风扇产量(万台),2002,10761.33
家用电风扇产量(万台),2001,9616.1
家用电风扇产量(万台),2000,7661.61
家用电风扇产量(万台),1999,6158.14
家用电风扇产量(万台),1998,6724.49
家用电冰箱产量(万台),2022,8664.4
家用电冰箱产量(万台),2021,8992.11
家用电冰箱产量(万台),2020,9014.71
家用电冰箱产量(万台),2019,7904.25
家用电冰箱产量(万台),2018,8108.79
家用电冰箱产量(万台),2017,8314.48
家用电冰箱产量(万台),2016,8481.57
家用电冰箱产量(万台),2015,7992.75
家用电冰箱产量(万台),2014,8796.09
家用电冰箱产量(万台),2013,9255.74
家用电冰箱产量(万台),2012,8427
家用电冰箱产量(万台),2011,8699.2
家用电冰箱产量(万台),2010,7295.72
家用电冰箱产量(万台),2009,5930.45
家用电冰箱产量(万台),2008,4799.95
家用电冰箱产量(万台),2007,4397.13
家用电冰箱产量(万台),2006,3530.89
家用电冰箱产量(万台),2005,2987.06
家用电冰箱产量(万台),2004,3007.59
家用电冰箱产量(万台),2003,2242.56
家用电冰箱产量(万台),2002,1598.87
家用电冰箱产量(万台),2001,1351.26
家用电冰箱产量(万台),2000,1279
家用电冰箱产量(万台),1999,1210
家用电冰箱产量(万台),1998,1060
家用洗衣机产量(万台),2022,
家用洗衣机产量(万台),2021,8618.54
家用洗衣机产量(万台),2020,8041.87
家用洗衣机产量(万台),2019,7432.99
家用洗衣机产量(万台),2018,7261.5
家用洗衣机产量(万台),2017,7500.88
家用洗衣机产量(万台),2016,7620.85
家用洗衣机产量(万台),2015,7274.5
家用洗衣机产量(万台),2014,7114.4
家用洗衣机产量(万台),2013,7300.53
家用洗衣机产量(万台),2012,6791.12
家用洗衣机产量(万台),2011,6715.94
家用洗衣机产量(万台),2010,6247.73
家用洗衣机产量(万台),2009,4973.63
家用洗衣机产量(万台),2008,4447
家用洗衣机产量(万台),2007,4005.1
家用洗衣机产量(万台),2006,3560.5
家用洗衣机产量(万台),2005,3035.52
家用洗衣机产量(万台),2004,2533.41
家用洗衣机产量(万台),2003,1964.46
家用洗衣机产量(万台),2002,1595.76
家用洗衣机产量(万台),2001,1341.61
家用洗衣机产量(万台),2000,1442.98
家用洗衣机产量(万台),1999,1342.17
家用洗衣机产量(万台),1998,1207.31
家用吸排油烟机产量(万台),2022,
家用吸排油烟机产量(万台),2021,4121.45
家用吸排油烟机产量(万台),2020,3535.88
家用吸排油烟机产量(万台),2019,3711.8
家用吸排油烟机产量(万台),2018,3432.04
家用吸排油烟机产量(万台),2017,3144.03
家用吸排油烟机产量(万台),2016,3180.31
家用吸排油烟机产量(万台),2015,3046.39
家用吸排油烟机产量(万台),2014,3082.25
家用吸排油烟机产量(万台),2013,2783.55
家用吸排油烟机产量(万台),2012,2235.37
家用吸排油烟机产量(万台),2011,2032.06
家用吸排油烟机产量(万台),2010,2028.33
家用吸排油烟机产量(万台),2009,1714.48
家用吸排油烟机产量(万台),2008,1709.71
家用吸排油烟机产量(万台),2007,1216.88
家用吸排油烟机产量(万台),2006,1118.07
家用吸排油烟机产量(万台),2005,730.1
家用吸排油烟机产量(万台),2004,677.44
家用吸排油烟机产量(万台),2003,477.25
家用吸排油烟机产量(万台),2002,426.46
家用吸排油烟机产量(万台),2001,456.28
家用吸排油烟机产量(万台),2000,366.15
家用吸排油烟机产量(万台),1999,351.41
家用吸排油烟机产量(万台),1998,258.15
家用吸尘器产量(万台),2022,
家用吸尘器产量(万台),2021,14413.66
家用吸尘器产量(万台),2020,13382.89
家用吸尘器产量(万台),2019,11214.6
家用吸尘器产量(万台),2018,11297.47
家用吸尘器产量(万台),2017,9892.33
家用吸尘器产量(万台),2016,8765.79
家用吸尘器产量(万台),2015,8703.6
家用吸尘器产量(万台),2014,8799.8
家用吸尘器产量(万台),2013,8981.07
家用吸尘器产量(万台),2012,8145.09
家用吸尘器产量(万台),2011,8400.46
家用吸尘器产量(万台),2010,7669.36
家用吸尘器产量(万台),2009,6534.66
家用吸尘器产量(万台),2008,8324.32
家用吸尘器产量(万台),2007,6514.22
家用吸尘器产量(万台),2006,5319.13
家用吸尘器产量(万台),2005,4679.31
家用吸尘器产量(万台),2004,5015.42
家用吸尘器产量(万台),2003,2185.35
家用吸尘器产量(万台),2002,1611.16
家用吸尘器产量(万台),2001,1141.17
家用吸尘器产量(万台),2000,1010.3
家用吸尘器产量(万台),1999,574.99
家用吸尘器产量(万台),1998,519.18
客车产量(万辆),2022,
客车产量(万辆),2021,50.79
客车产量(万辆),2020,44.07
客车产量(万辆),2019,46.63
客车产量(万辆),2018,54.77
客车产量(万辆),2017,55.02
客车产量(万辆),2016,60.85
客车产量(万辆),2015,80.42
客车产量(万辆),2014,158.7
客车产量(万辆),2013,162.09
客车产量(万辆),2012,271.75
客车产量(万辆),2011,227.19
客车产量(万辆),2010,246.53
客车产量(万辆),2009,202.87
客车产量(万辆),2008,198.61
客车产量(万辆),2007,189.17
客车产量(万辆),2006,152.41
客车产量(万辆),2005,128.2
客车产量(万辆),2004,48.17
客车产量(万辆),2003,94.66
客车产量(万辆),2002,86.47
客车产量(万辆),2001,72.07
客车产量(万辆),2000,57.79
客车产量(万辆),1999,42.49
客车产量(万辆),1998,32.11
天然气产量(亿立方米),2022,2201.1
天然气产量(亿立方米),2021,2075.84
天然气产量(亿立方米),2020,1924.95
天然气产量(亿立方米),2019,1753.62
天然气产量(亿立方米),2018,1601.59
天然气产量(亿立方米),2017,1480.35
天然气产量(亿立方米),2016,1368.65
天然气产量(亿立方米),2015,1346.1
天然气产量(亿立方米),2014,1301.57
天然气产量(亿立方米),2013,1208.58
天然气产量(亿立方米),2012,1106.08
天然气产量(亿立方米),2011,1053.37
天然气产量(亿立方米),2010,957.91
天然气产量(亿立方米),2009,852.69
天然气产量(亿立方米),2008,802.99
天然气产量(亿立方米),2007,692.4
天然气产量(亿立方米),2006,585.53
天然气产量(亿立方米),2005,493.2
天然气产量(亿立方米),2004,414.6
天然气产量(亿立方米),2003,350.15
天然气产量(亿立方米),2002,326.61
天然气产量(亿立方米),2001,303.29
天然气产量(亿立方米),2000,272
天然气产量(亿立方米),1999,251.98
天然气产量(亿立方米),1998,232.79
大型型钢产量(万吨),2022,
大型型钢产量(万吨),2021,1981.41
大型型钢产量(万吨),2020,1855.74
大型型钢产量(万吨),2019,1586.87
大型型钢产量(万吨),2018,1395.33
大型型钢产量(万吨),2017,1460.7
大型型钢产量(万吨),2016,1549.43
大型型钢产量(万吨),2015,1322.21
大型型钢产量(万吨),2014,1349.4
大型型钢产量(万吨),2013,1282.61
大型型钢产量(万吨),2012,1134.07
大型型钢产量(万吨),2011,1085.25
大型型钢产量(万吨),2010,946.54
大型型钢产量(万吨),2009,947.1
大型型钢产量(万吨),2008,962.45
大型型钢产量(万吨),2007,1008.11
大型型钢产量(万吨),2006,917.28
大型型钢产量(万吨),2005,752.04
大型型钢产量(万吨),2004,809.46
大型型钢产量(万吨),2003,309.31
大型型钢产量(万吨),2002,267.82
大型型钢产量(万吨),2001,226.17
大型型钢产量(万吨),2000,161.52
大型型钢产量(万吨),1999,115.35
大型型钢产量(万吨),1998,102.9
大中型拖拉机产量(万台),2022,40
大中型拖拉机产量(万台),2021,41.17
大中型拖拉机产量(万台),2020,34.52
大中型拖拉机产量(万台),2019,28.08
大中型拖拉机产量(万台),2018,26.21
大中型拖拉机产量(万台),2017,34.44
大中型拖拉机产量(万台),2016,61.84
大中型拖拉机产量(万台),2015,68.82
大中型拖拉机产量(万台),2014,64.37
大中型拖拉机产量(万台),2013,66.56
大中型拖拉机产量(万台),2012,52.73
大中型拖拉机产量(万台),2011,40.19
大中型拖拉机产量(万台),2010,33.68
大中型拖拉机产量(万台),2009,37.13
大中型拖拉机产量(万台),2008,28.44
大中型拖拉机产量(万台),2007,20.31
大中型拖拉机产量(万台),2006,19.93
大中型拖拉机产量(万台),2005,16.33
大中型拖拉机产量(万台),2004,11.38
大中型拖拉机产量(万台),2003,4.88
大中型拖拉机产量(万台),2002,4.54
大中型拖拉机产量(万台),2001,3.82
大中型拖拉机产量(万台),2000,4.1
大中型拖拉机产量(万台),1999,6.54
大中型拖拉机产量(万台),1998,6.78
复印和胶版印制设备产量(万台),2022,365
复印和胶版印制设备产量(万台),2021,390.8
复印和胶版印制设备产量(万台),2020,311.2
复印和胶版印制设备产量(万台),2019,487.79
复印和胶版印制设备产量(万台),2018,576.05
复印和胶版印制设备产量(万台),2017,626.14
复印和胶版印制设备产量(万台),2016,684.41
复印和胶版印制设备产量(万台),2015,734.2
复印和胶版印制设备产量(万台),2014,712.9
复印和胶版印制设备产量(万台),2013,698.2
复印和胶版印制设备产量(万台),2012,609.69
复印和胶版印制设备产量(万台),2011,655.05
复印和胶版印制设备产量(万台),2010,534.82
复印和胶版印制设备产量(万台),2009,421.02
复印和胶版印制设备产量(万台),2008,517.7
复印和胶版印制设备产量(万台),2007,452.36
复印和胶版印制设备产量(万台),2006,467.8
复印和胶版印制设备产量(万台),2005,403.56
复印和胶版印制设备产量(万台),2004,324.57
复印和胶版印制设备产量(万台),2003,264.17
复印和胶版印制设备产量(万台),2002,207.39
复印和胶版印制设备产量(万台),2001,144.12
复印和胶版印制设备产量(万台),2000,156.63
复印和胶版印制设备产量(万台),1999,210.29
复印和胶版印制设备产量(万台),1998,117.93
啤酒产量(万千升、万吨),2022,
啤酒产量(万千升、万吨),2021,3562.43
啤酒产量(万千升、万吨),2020,3411.11
啤酒产量(万千升、万吨),2019,3765.29
啤酒产量(万千升、万吨),2018,3800.83
啤酒产量(万千升、万吨),2017,4401.49
啤酒产量(万千升、万吨),2016,4506.44
啤酒产量(万千升、万吨),2015,4715.6
啤酒产量(万千升、万吨),2014,4936.29
啤酒产量(万千升、万吨),2013,4982.79
啤酒产量(万千升、万吨),2012,4778.58
啤酒产量(万千升、万吨),2011,4834.5
啤酒产量(万千升、万吨),2010,4490.16
啤酒产量(万千升、万吨),2009,4162.18
啤酒产量(万千升、万吨),2008,4156.91
啤酒产量(万千升、万吨),2007,3954.07
啤酒产量(万千升、万吨),2006,3543.58
啤酒产量(万千升、万吨),2005,3126.05
啤酒产量(万千升、万吨),2004,2948.59
啤酒产量(万千升、万吨),2003,2540.48
啤酒产量(万千升、万吨),2002,2402.7
啤酒产量(万千升、万吨),2001,2288.93
啤酒产量(万千升、万吨),2000,2231.32
啤酒产量(万千升、万吨),1999,2098.77
啤酒产量(万千升、万吨),1998,1987.67
合成洗涤剂产量(万吨),2022,
合成洗涤剂产量(万吨),2021,1077.61
合成洗涤剂产量(万吨),2020,1149.16
合成洗涤剂产量(万吨),2019,1048.56
合成洗涤剂产量(万吨),2018,1027.58
合成洗涤剂产量(万吨),2017,1311.49
合成洗涤剂产量(万吨),2016,1338.01
合成洗涤剂产量(万吨),2015,1311.08
合成洗涤剂产量(万吨),2014,1209.73
合成洗涤剂产量(万吨),2013,1094.27
合成洗涤剂产量(万吨),2012,933.8
合成洗涤剂产量(万吨),2011,888.14
合成洗涤剂产量(万吨),2010,752.59
合成洗涤剂产量(万吨),2009,699.66
合成洗涤剂产量(万吨),2008,655.31
合成洗涤剂产量(万吨),2007,582.97
合成洗涤剂产量(万吨),2006,527.68
合成洗涤剂产量(万吨),2005,516.95
合成洗涤剂产量(万吨),2004,465.17
合成洗涤剂产量(万吨),2003,386.79
合成洗涤剂产量(万吨),2002,348.32
合成洗涤剂产量(万吨),2001,330.42
合成洗涤剂产量(万吨),2000,297.47
合成洗涤剂产量(万吨),1999,286.53
合成洗涤剂产量(万吨),1998,280.34
合成氨产量(万吨),2022,
合成氨产量(万吨),2021,5189.38
合成氨产量(万吨),2020,5117.13
合成氨产量(万吨),2019,4735.03
合成氨产量(万吨),2018,4587.05
合成氨产量(万吨),2017,4946.26
合成氨产量(万吨),2016,5708.27
合成氨产量(万吨),2015,5791.4
合成氨产量(万吨),2014,5699.5
合成氨产量(万吨),2013,5739
合成氨产量(万吨),2012,5528.4
合成氨产量(万吨),2011,5252.7
合成氨产量(万吨),2010,4964.59
合成氨产量(万吨),2009,5136.35
合成氨产量(万吨),2008,4876.24
合成氨产量(万吨),2007,5171.05
合成氨产量(万吨),2006,4936.81
合成氨产量(万吨),2005,4596.25
合成氨产量(万吨),2004,4135.06
合成氨产量(万吨),2003,3822.65
合成氨产量(万吨),2002,3675.25
合成氨产量(万吨),2001,3427.28
合成氨产量(万吨),2000,3363.7
合成氨产量(万吨),1999,3431.72
合成氨产量(万吨),1998,3134.2
合成橡胶产量(万吨),2022,
合成橡胶产量(万吨),2021,820.79
合成橡胶产量(万吨),2020,751.32
合成橡胶产量(万吨),2019,743.96
合成橡胶产量(万吨),2018,691.39
合成橡胶产量(万吨),2017,592.09
合成橡胶产量(万吨),2016,559.97
合成橡胶产量(万吨),2015,534.17
合成橡胶产量(万吨),2014,549.55
合成橡胶产量(万吨),2013,480.64
合成橡胶产量(万吨),2012,397.39
合成橡胶产量(万吨),2011,367.13
合成橡胶产量(万吨),2010,319.52
合成橡胶产量(万吨),2009,274.91
合成橡胶产量(万吨),2008,296.03
合成橡胶产量(万吨),2007,228.92
合成橡胶产量(万吨),2006,199.81
合成橡胶产量(万吨),2005,181.12
合成橡胶产量(万吨),2004,184.04
合成橡胶产量(万吨),2003,134.83
合成橡胶产量(万吨),2002,136.21
合成橡胶产量(万吨),2001,121.98
合成橡胶产量(万吨),2000,86.52
合成橡胶产量(万吨),1999,73.28
合成橡胶产量(万吨),1998,58.9
发电量(亿千瓦小时),2022,88487.12
发电量(亿千瓦小时),2021,85342.48
发电量(亿千瓦小时),2020,77790.6
发电量(亿千瓦小时),2019,75034.28
发电量(亿千瓦小时),2018,71661.33
发电量(亿千瓦小时),2017,66044.47
发电量(亿千瓦小时),2016,61331.6
发电量(亿千瓦小时),2015,58145.73
发电量(亿千瓦小时),2014,57944.57
发电量(亿千瓦小时),2013,54316.35
发电量(亿千瓦小时),2012,49875.53
发电量(亿千瓦小时),2011,47130.19
发电量(亿千瓦小时),2010,42071.6
发电量(亿千瓦小时),2009,37146.51
发电量(亿千瓦小时),2008,34668.82
发电量(亿千瓦小时),2007,32815.53
发电量(亿千瓦小时),2006,28657.26
发电量(亿千瓦小时),2005,25002.6
发电量(亿千瓦小时),2004,22033.09
发电量(亿千瓦小时),2003,19105.75
发电量(亿千瓦小时),2002,16540
发电量(亿千瓦小时),2001,14808.02
发电量(亿千瓦小时),2000,13556
发电量(亿千瓦小时),1999,12393
发电量(亿千瓦小时),1998,11670
发电机组产量(万千瓦),2022,18376.1
发电机组产量(万千瓦),2021,15976.44
发电机组产量(万千瓦),2020,13384.46
发电机组产量(万千瓦),2019,9073.69
发电机组产量(万千瓦),2018,10903.07
发电机组产量(万千瓦),2017,11822.93
发电机组产量(万千瓦),2016,13119.78
发电机组产量(万千瓦),2015,12431.38
发电机组产量(万千瓦),2014,15053.02
发电机组产量(万千瓦),2013,14197.66
发电机组产量(万千瓦),2012,13005.52
发电机组产量(万千瓦),2011,14410.52
发电机组产量(万千瓦),2010,12880.21
发电机组产量(万千瓦),2009,11729.25
发电机组产量(万千瓦),2008,13942.42
发电机组产量(万千瓦),2007,12990.98
发电机组产量(万千瓦),2006,11694.27
发电机组产量(万千瓦),2005,9200
发电机组产量(万千瓦),2004,9233.01
发电机组产量(万千瓦),2003,3700.62
发电机组产量(万千瓦),2002,2120.84
发电机组产量(万千瓦),2001,1340.14
发电机组产量(万千瓦),2000,1249
发电机组产量(万千瓦),1999,1369
发电机组产量(万千瓦),1998,1608
发动机产量(万千瓦),2022,
发动机产量(万千瓦),2021,268206.48
发动机产量(万千瓦),2020,262652.03
发动机产量(万千瓦),2019,267228.95
发动机产量(万千瓦),2018,269946.86
发动机产量(万千瓦),2017,267405.13
发动机产量(万千瓦),2016,226001.13
发动机产量(万千瓦),2015,203179.4
发动机产量(万千瓦),2014,214105.4
发动机产量(万千瓦),2013,193670.93
发动机产量(万千瓦),2012,136111.48
发动机产量(万千瓦),2011,137099.43
发动机产量(万千瓦),2010,138592.03
发动机产量(万千瓦),2009,84892.52
发动机产量(万千瓦),2008,93643.99
发动机产量(万千瓦),2007,56641.9
发动机产量(万千瓦),2006,45267.36
发动机产量(万千瓦),2005,36563.46
发动机产量(万千瓦),2004,31893.56
发动机产量(万千瓦),2003,31851.3
发动机产量(万千瓦),2002,28505.75
发动机产量(万千瓦),2001,20531.17
发动机产量(万千瓦),2000,18857.3
发动机产量(万千瓦),1999,17801.62
发动机产量(万千瓦),1998,16034.3
原铝(电解铝)产量(万吨),2022,4021.4
原铝(电解铝)产量(万吨),2021,3850.32
原铝(电解铝)产量(万吨),2020,3708.04
原铝(电解铝)产量(万吨),2019,3512.96
原铝(电解铝)产量(万吨),2018,3683.1
原铝(电解铝)产量(万吨),2017,3328.96
原铝(电解铝)产量(万吨),2016,3264.53
原铝(电解铝)产量(万吨),2015,3141
原铝(电解铝)产量(万吨),2014,2885.79
原铝(电解铝)产量(万吨),2013,2543.81
原铝(电解铝)产量(万吨),2012,2314.14
原铝(电解铝)产量(万吨),2011,1961.39
原铝(电解铝)产量(万吨),2010,1577.13
原铝(电解铝)产量(万吨),2009,1288.61
原铝(电解铝)产量(万吨),2008,1316.54
原铝(电解铝)产量(万吨),2007,1233.97
原铝(电解铝)产量(万吨),2006,926.57
原铝(电解铝)产量(万吨),2005,778.68
原铝(电解铝)产量(万吨),2004,669.04
原铝(电解铝)产量(万吨),2003,586.58
原铝(电解铝)产量(万吨),2002,451.11
原铝(电解铝)产量(万吨),2001,357.58
原铝(电解铝)产量(万吨),2000,298.92
原铝(电解铝)产量(万吨),1999,280.89
原铝(电解铝)产量(万吨),1998,233.57
原盐产量(万吨),2022,5359.9
原盐产量(万吨),2021,5706.51
原盐产量(万吨),2020,5852.68
原盐产量(万吨),2019,6701.44
原盐产量(万吨),2018,6363.61
原盐产量(万吨),2017,6654.17
原盐产量(万吨),2016,6620.1
原盐产量(万吨),2015,6665.54
原盐产量(万吨),2014,7049.71
原盐产量(万吨),2013,7367.6
原盐产量(万吨),2012,6911.78
原盐产量(万吨),2011,6742.16
原盐产量(万吨),2010,7037.76
原盐产量(万吨),2009,6662.79
原盐产量(万吨),2008,6664.43
原盐产量(万吨),2007,6166.97
原盐产量(万吨),2006,5663.13
原盐产量(万吨),2005,4661.06
原盐产量(万吨),2004,4043.44
原盐产量(万吨),2003,3437.7
原盐产量(万吨),2002,3602.43
原盐产量(万吨),2001,3410.51
原盐产量(万吨),2000,3128
原盐产量(万吨),1999,2812.36
原盐产量(万吨),1998,2242.52
原煤产量(亿吨),2022,45.59
原煤产量(亿吨),2021,41.26
原煤产量(亿吨),2020,39.02
原煤产量(亿吨),2019,38.46
原煤产量(亿吨),2018,36.98
原煤产量(亿吨),2017,35.24
原煤产量(亿吨),2016,34.11
原煤产量(亿吨),2015,37.47
原煤产量(亿吨),2014,38.74
原煤产量(亿吨),2013,39.74
原煤产量(亿吨),2012,39.45
原煤产量(亿吨),2011,37.64
原煤产量(亿吨),2010,34.28
原煤产量(亿吨),2009,31.15
原煤产量(亿吨),2008,29.03
原煤产量(亿吨),2007,27.6
原煤产量(亿吨),2006,25.7
原煤产量(亿吨),2005,23.65
原煤产量(亿吨),2004,21.23
原煤产量(亿吨),2003,18.35
原煤产量(亿吨),2002,15.5
原煤产量(亿吨),2001,14.72
原煤产量(亿吨),2000,13.84
原煤产量(亿吨),1999,13.64
原煤产量(亿吨),1998,13.32
原油产量(万吨),2022,20472.2
原油产量(万吨),2021,19888.11
原油产量(万吨),2020,19476.86
原油产量(万吨),2019,19162.83
原油产量(万吨),2018,18932.42
原油产量(万吨),2017,19150.61
原油产量(万吨),2016,19968.52
原油产量(万吨),2015,21455.58
原油产量(万吨),2014,21142.9
原油产量(万吨),2013,20991.9
原油产量(万吨),2012,20747.8
原油产量(万吨),2011,20287.55
原油产量(万吨),2010,20301.4
原油产量(万吨),2009,18948.96
原油产量(万吨),2008,19043.96
原油产量(万吨),2007,18631.82
原油产量(万吨),2006,18476.57
原油产量(万吨),2005,18135.29
原油产量(万吨),2004,17587.33
原油产量(万吨),2003,16959.98
原油产量(万吨),2002,16700
原油产量(万吨),2001,16395.87
原油产量(万吨),2000,16300
原油产量(万吨),1999,16000
原油产量(万吨),1998,16100
厚钢板产量(万吨),2022,
厚钢板产量(万吨),2021,3645.77
厚钢板产量(万吨),2020,3636.02
厚钢板产量(万吨),2019,3202.64
厚钢板产量(万吨),2018,2926.69
厚钢板产量(万吨),2017,2608.92
厚钢板产量(万吨),2016,2530.36
厚钢板产量(万吨),2015,2341.52
厚钢板产量(万吨),2014,2638.5
厚钢板产量(万吨),2013,2499.95
厚钢板产量(万吨),2012,2341.56
厚钢板产量(万吨),2011,2608.15
厚钢板产量(万吨),2010,2350.3
厚钢板产量(万吨),2009,1876.72
厚钢板产量(万吨),2008,2044.89
厚钢板产量(万吨),2007,1803.31
厚钢板产量(万吨),2006,1311.24
厚钢板产量(万吨),2005,1154.75
厚钢板产量(万吨),2004,832.85
厚钢板产量(万吨),2003,
厚钢板产量(万吨),2002,
厚钢板产量(万吨),2001,
厚钢板产量(万吨),2000,
厚钢板产量(万吨),1999,
厚钢板产量(万吨),1998,
卷烟产量(亿支、万箱),2022,24321.5
卷烟产量(亿支、万箱),2021,24182.36
卷烟产量(亿支、万箱),2020,23863.73
卷烟产量(亿支、万箱),2019,23642.49
卷烟产量(亿支、万箱),2018,23375.59
卷烟产量(亿支、万箱),2017,23448.25
卷烟产量(亿支、万箱),2016,23825.76
卷烟产量(亿支、万箱),2015,25890.7
卷烟产量(亿支、万箱),2014,26098.49
卷烟产量(亿支、万箱),2013,25603.86
卷烟产量(亿支、万箱),2012,25160.9
卷烟产量(亿支、万箱),2011,24474
卷烟产量(亿支、万箱),2010,23752.6
卷烟产量(亿支、万箱),2009,22901.5
卷烟产量(亿支、万箱),2008,22199.2
卷烟产量(亿支、万箱),2007,21438.84
卷烟产量(亿支、万箱),2006,20218.13
卷烟产量(亿支、万箱),2005,19389.08
卷烟产量(亿支、万箱),2004,18736.35
卷烟产量(亿支、万箱),2003,3580.86
卷烟产量(亿支、万箱),2002,3467.08
卷烟产量(亿支、万箱),2001,3402.1
卷烟产量(亿支、万箱),2000,3397
卷烟产量(亿支、万箱),1999,3340
卷烟产量(亿支、万箱),1998,3374
十种有色金属产量(万吨),2022,6793.6
十种有色金属产量(万吨),2021,6477.1
十种有色金属产量(万吨),2020,6188.42
十种有色金属产量(万吨),2019,5865.96
十种有色金属产量(万吨),2018,5893.7
十种有色金属产量(万吨),2017,5498.31
十种有色金属产量(万吨),2016,5345.11
十种有色金属产量(万吨),2015,5155.82
十种有色金属产量(万吨),2014,4828.81
十种有色金属产量(万吨),2013,4412.13
十种有色金属产量(万吨),2012,3990.33
十种有色金属产量(万吨),2011,3628.94
十种有色金属产量(万吨),2010,3120.98
十种有色金属产量(万吨),2009,2648.54
十种有色金属产量(万吨),2008,2553.63
十种有色金属产量(万吨),2007,2379.15
十种有色金属产量(万吨),2006,1916.27
十种有色金属产量(万吨),2005,1635
十种有色金属产量(万吨),2004,1441.12
十种有色金属产量(万吨),2003,1228.06
十种有色金属产量(万吨),2002,1012
十种有色金属产量(万吨),2001,883.71
十种有色金属产量(万吨),2000,783.81
十种有色金属产量(万吨),1999,694.7
十种有色金属产量(万吨),1998,615
化学药品原药产量(万吨),2022,
化学药品原药产量(万吨),2021,316.88
化学药品原药产量(万吨),2020,291.9
化学药品原药产量(万吨),2019,276.85
化学药品原药产量(万吨),2018,230.37
化学药品原药产量(万吨),2017,355.44
化学药品原药产量(万吨),2016,340.83
化学药品原药产量(万吨),2015,334.81
化学药品原药产量(万吨),2014,303.4
化学药品原药产量(万吨),2013,263.3
化学药品原药产量(万吨),2012,292.19
化学药品原药产量(万吨),2011,248.85
化学药品原药产量(万吨),2010,226.14
化学药品原药产量(万吨),2009,201.22
化学药品原药产量(万吨),2008,209.7
化学药品原药产量(万吨),2007,205.07
化学药品原药产量(万吨),2006,176.55
化学药品原药产量(万吨),2005,126.7
化学药品原药产量(万吨),2004,103.05
化学药品原药产量(万吨),2003,99.42
化学药品原药产量(万吨),2002,73.93
化学药品原药产量(万吨),2001,76.22
化学药品原药产量(万吨),2000,52.57
化学药品原药产量(万吨),1999,43.63
化学药品原药产量(万吨),1998,41.55
化学纤维产量(万吨),2022,6697.8
化学纤维产量(万吨),2021,6708.47
化学纤维产量(万吨),2020,6124.68
化学纤维产量(万吨),2019,5883.37
化学纤维产量(万吨),2018,5418.02
化学纤维产量(万吨),2017,4877.05
化学纤维产量(万吨),2016,4886.36
化学纤维产量(万吨),2015,4831.71
化学纤维产量(万吨),2014,4389.75
化学纤维产量(万吨),2013,4160.28
化学纤维产量(万吨),2012,3837.37
化学纤维产量(万吨),2011,3390.07
化学纤维产量(万吨),2010,3090
化学纤维产量(万吨),2009,2747.28
化学纤维产量(万吨),2008,2453.29
化学纤维产量(万吨),2007,2413.78
化学纤维产量(万吨),2006,2073.18
化学纤维产量(万吨),2005,1664.79
化学纤维产量(万吨),2004,1699.8
化学纤维产量(万吨),2003,1181.15
化学纤维产量(万吨),2002,991.2
化学纤维产量(万吨),2001,841.38
化学纤维产量(万吨),2000,694
化学纤维产量(万吨),1999,600
化学纤维产量(万吨),1998,510
化学农药原药产量(万吨),2022,
化学农药原药产量(万吨),2021,249.85
化学农药原药产量(万吨),2020,214.8
化学农药原药产量(万吨),2019,211.81
化学农药原药产量(万吨),2018,240.02
化学农药原药产量(万吨),2017,250.74
化学农药原药产量(万吨),2016,320.97
化学农药原药产量(万吨),2015,374
化学农药原药产量(万吨),2014,374.4
化学农药原药产量(万吨),2013,303.14
化学农药原药产量(万吨),2012,290.88
化学农药原药产量(万吨),2011,230
化学农药原药产量(万吨),2010,223.52
化学农药原药产量(万吨),2009,208.92
化学农药原药产量(万吨),2008,209.99
化学农药原药产量(万吨),2007,176.48
化学农药原药产量(万吨),2006,138.46
化学农药原药产量(万吨),2005,114.73
化学农药原药产量(万吨),2004,82.08
化学农药原药产量(万吨),2003,76.72
化学农药原药产量(万吨),2002,92.9
化学农药原药产量(万吨),2001,78.72
化学农药原药产量(万吨),2000,60.7
化学农药原药产量(万吨),1999,62.5
化学农药原药产量(万吨),1998,55.9
初级形态的塑料产量(万吨),2022,
初级形态的塑料产量(万吨),2021,11198.41
初级形态的塑料产量(万吨),2020,10542.2
初级形态的塑料产量(万吨),2019,9743.65
初级形态的塑料产量(万吨),2018,8854.87
初级形态的塑料产量(万吨),2017,8458.08
初级形态的塑料产量(万吨),2016,8307.81
初级形态的塑料产量(万吨),2015,7807.66
初级形态的塑料产量(万吨),2014,7088.84
初级形态的塑料产量(万吨),2013,6293.03
初级形态的塑料产量(万吨),2012,5330.92
初级形态的塑料产量(万吨),2011,4992.31
初级形态的塑料产量(万吨),2010,4432.59
初级形态的塑料产量(万吨),2009,3629.97
初级形态的塑料产量(万吨),2008,3680.23
初级形态的塑料产量(万吨),2007,3184.54
初级形态的塑料产量(万吨),2006,2602.6
初级形态的塑料产量(万吨),2005,2308.86
初级形态的塑料产量(万吨),2004,2366.5
初级形态的塑料产量(万吨),2003,1652.08
初级形态的塑料产量(万吨),2002,1455.67
初级形态的塑料产量(万吨),2001,1288.71
初级形态的塑料产量(万吨),2000,1087.51
初级形态的塑料产量(万吨),1999,871.1
初级形态的塑料产量(万吨),1998,692.58
冷轧薄宽钢带产量(万吨),2022,
冷轧薄宽钢带产量(万吨),2021,7190.39
冷轧薄宽钢带产量(万吨),2020,6061.19
冷轧薄宽钢带产量(万吨),2019,5374.78
冷轧薄宽钢带产量(万吨),2018,5571.45
冷轧薄宽钢带产量(万吨),2017,5270.83
冷轧薄宽钢带产量(万吨),2016,4941.47
冷轧薄宽钢带产量(万吨),2015,4200.27
冷轧薄宽钢带产量(万吨),2014,4259.6
冷轧薄宽钢带产量(万吨),2013,3977.09
冷轧薄宽钢带产量(万吨),2012,3644.31
冷轧薄宽钢带产量(万吨),2011,3269.51
冷轧薄宽钢带产量(万吨),2010,2934.93
冷轧薄宽钢带产量(万吨),2009,2192.48
冷轧薄宽钢带产量(万吨),2008,2119.59
冷轧薄宽钢带产量(万吨),2007,1747.76
冷轧薄宽钢带产量(万吨),2006,1285.8
冷轧薄宽钢带产量(万吨),2005,749.59
冷轧薄宽钢带产量(万吨),2004,
冷轧薄宽钢带产量(万吨),2003,
冷轧薄宽钢带产量(万吨),2002,
冷轧薄宽钢带产量(万吨),2001,
冷轧薄宽钢带产量(万吨),2000,
冷轧薄宽钢带产量(万吨),1999,
冷轧薄宽钢带产量(万吨),1998,
农用氮、磷、钾化肥产量(万吨),2022,5573.3
农用氮、磷、钾化肥产量(万吨),2021,5543.58
农用氮、磷、钾化肥产量(万吨),2020,5495.97
农用氮、磷、钾化肥产量(万吨),2019,5731.18
农用氮、磷、钾化肥产量(万吨),2018,5403.51
农用氮、磷、钾化肥产量(万吨),2017,5891.71
农用氮、磷、钾化肥产量(万吨),2016,6629.62
农用氮、磷、钾化肥产量(万吨),2015,7431.99
农用氮、磷、钾化肥产量(万吨),2014,6876.85
农用氮、磷、钾化肥产量(万吨),2013,7026.18
农用氮、磷、钾化肥产量(万吨),2012,6832.1
农用氮、磷、钾化肥产量(万吨),2011,6419.39
农用氮、磷、钾化肥产量(万吨),2010,6337.86
农用氮、磷、钾化肥产量(万吨),2009,6385.01
农用氮、磷、钾化肥产量(万吨),2008,6028.05
农用氮、磷、钾化肥产量(万吨),2007,5824.98
农用氮、磷、钾化肥产量(万吨),2006,5345.05
农用氮、磷、钾化肥产量(万吨),2005,5177.86
农用氮、磷、钾化肥产量(万吨),2004,4804.82
农用氮、磷、钾化肥产量(万吨),2003,3881.31
农用氮、磷、钾化肥产量(万吨),2002,3791
农用氮、磷、钾化肥产量(万吨),2001,3383.01
农用氮、磷、钾化肥产量(万吨),2000,3186
农用氮、磷、钾化肥产量(万吨),1999,3251
农用氮、磷、钾化肥产量(万吨),1998,3010
传真机产量(万部),2022,
传真机产量(万部),2021,
传真机产量(万部),2020,
传真机产量(万部),2019,60.69
传真机产量(万部),2018,177.01
传真机产量(万部),2017,230.19
传真机产量(万部),2016,178.48
传真机产量(万部),2015,168.04
传真机产量(万部),2014,175.18
传真机产量(万部),2013,172.08
传真机产量(万部),2012,263.57
传真机产量(万部),2011,268.13
传真机产量(万部),2010,181.09
传真机产量(万部),2009,683.51
传真机产量(万部),2008,749.4
传真机产量(万部),2007,888.53
传真机产量(万部),2006,1188.63
传真机产量(万部),2005,1068.15
传真机产量(万部),2004,851.2
传真机产量(万部),2003,746.58
传真机产量(万部),2002,297.29
传真机产量(万部),2001,318.2
传真机产量(万部),2000,196.3
传真机产量(万部),1999,159.99
传真机产量(万部),1998,128.69
乙烯产量(万吨),2022,2897.5
乙烯产量(万吨),2021,2825.67
乙烯产量(万吨),2020,2159.96
乙烯产量(万吨),2019,2052.29
乙烯产量(万吨),2018,1861.76
乙烯产量(万吨),2017,1821.84
乙烯产量(万吨),2016,1781.14
乙烯产量(万吨),2015,1714.6
乙烯产量(万吨),2014,1696.69
乙烯产量(万吨),2013,1599.31
乙烯产量(万吨),2012,1486.8
乙烯产量(万吨),2011,1527.5
乙烯产量(万吨),2010,1421.34
乙烯产量(万吨),2009,1072.62
乙烯产量(万吨),2008,987.58
乙烯产量(万吨),2007,1027.8
乙烯产量(万吨),2006,940.51
乙烯产量(万吨),2005,755.54
乙烯产量(万吨),2004,629.85
乙烯产量(万吨),2003,611.77
乙烯产量(万吨),2002,543.02
乙烯产量(万吨),2001,480.6
乙烯产量(万吨),2000,470
乙烯产量(万吨),1999,435
乙烯产量(万吨),1998,377.3
中成药产量(万吨),2022,
中成药产量(万吨),2021,249.95
中成药产量(万吨),2020,244.88
中成药产量(万吨),2019,282.36
中成药产量(万吨),2018,259.01
中成药产量(万吨),2017,383.61
中成药产量(万吨),2016,374.6
中成药产量(万吨),2015,350.35
中成药产量(万吨),2014,328.77
中成药产量(万吨),2013,272.05
中成药产量(万吨),2012,313.04
中成药产量(万吨),2011,259.48
中成药产量(万吨),2010,215.74
中成药产量(万吨),2009,200.8
中成药产量(万吨),2008,177.78
中成药产量(万吨),2007,112.89
中成药产量(万吨),2006,110.98
中成药产量(万吨),2005,106.48
中成药产量(万吨),2004,146.24
中成药产量(万吨),2003,70.91
中成药产量(万吨),2002,94.32
中成药产量(万吨),2001,65.59
中成药产量(万吨),2000,38.8
中成药产量(万吨),1999,34.25
中成药产量(万吨),1998,34.26
中小型型钢产量(万吨),2022,
中小型型钢产量(万吨),2021,4684.41
中小型型钢产量(万吨),2020,5174.1
中小型型钢产量(万吨),2019,4889.77
中小型型钢产量(万吨),2018,4970.45
中小型型钢产量(万吨),2017,4604.81
中小型型钢产量(万吨),2016,4774.57
中小型型钢产量(万吨),2015,5212.95
中小型型钢产量(万吨),2014,5617.43
中小型型钢产量(万吨),2013,5723.8
中小型型钢产量(万吨),2012,4718.32
中小型型钢产量(万吨),2011,4471.91
中小型型钢产量(万吨),2010,4116.58
中小型型钢产量(万吨),2009,4159.46
中小型型钢产量(万吨),2008,3075.08
中小型型钢产量(万吨),2007,2929.54
中小型型钢产量(万吨),2006,2501.37
中小型型钢产量(万吨),2005,2830.73
中小型型钢产量(万吨),2004,1365.55
中小型型钢产量(万吨),2003,
中小型型钢产量(万吨),2002,
中小型型钢产量(万吨),2001,
中小型型钢产量(万吨),2000,
中小型型钢产量(万吨),1999,
中小型型钢产量(万吨),1998,3231.6
中厚宽钢带产量(万吨),2022,
中厚宽钢带产量(万吨),2021,17932.67
中厚宽钢带产量(万吨),2020,17046.08
中厚宽钢带产量(万吨),2019,14938.25
中厚宽钢带产量(万吨),2018,14203.43
中厚宽钢带产量(万吨),2017,13779.55
中厚宽钢带产量(万吨),2016,12923.48
中厚宽钢带产量(万吨),2015,11359.74
中厚宽钢带产量(万吨),2014,12300.8
中厚宽钢带产量(万吨),2013,12192.53
中厚宽钢带产量(万吨),2012,10870.03
中厚宽钢带产量(万吨),2011,10505.1
中厚宽钢带产量(万吨),2010,10281.96
中厚宽钢带产量(万吨),2009,8385.23
中厚宽钢带产量(万吨),2008,7421.47
中厚宽钢带产量(万吨),2007,6304.12
中厚宽钢带产量(万吨),2006,4524.02
中厚宽钢带产量(万吨),2005,3713.87
中厚宽钢带产量(万吨),2004,3103.66
中厚宽钢带产量(万吨),2003,
中厚宽钢带产量(万吨),2002,
中厚宽钢带产量(万吨),2001,
中厚宽钢带产量(万吨),2000,
中厚宽钢带产量(万吨),1999,
中厚宽钢带产量(万吨),1998,
两轮脚踏自行车产量(万辆),2022,
两轮脚踏自行车产量(万辆),2021,5978.18
两轮脚踏自行车产量(万辆),2020,5541.65
两轮脚踏自行车产量(万辆),2019,4978.97
两轮脚踏自行车产量(万辆),2018,5723.9
两轮脚踏自行车产量(万辆),2017,7105.24
两轮脚踏自行车产量(万辆),2016,6615.22
两轮脚踏自行车产量(万辆),2015,6882.24
两轮脚踏自行车产量(万辆),2014,7910.14
两轮脚踏自行车产量(万辆),2013,7545.25
两轮脚踏自行车产量(万辆),2012,7612.85
两轮脚踏自行车产量(万辆),2011,7169.11
两轮脚踏自行车产量(万辆),2010,6819.48
两轮脚踏自行车产量(万辆),2009,5757.65
两轮脚踏自行车产量(万辆),2008,7185.18
两轮脚踏自行车产量(万辆),2007,7475.2
两轮脚踏自行车产量(万辆),2006,7731.07
两轮脚踏自行车产量(万辆),2005,6900.64
两轮脚踏自行车产量(万辆),2004,7906.22
两轮脚踏自行车产量(万辆),2003,5451.7
两轮脚踏自行车产量(万辆),2002,3957.52
两轮脚踏自行车产量(万辆),2001,2902.26
两轮脚踏自行车产量(万辆),2000,2906.79
两轮脚踏自行车产量(万辆),1999,2397.57
两轮脚踏自行车产量(万辆),1998,2312.49
