指标,级别,上级指标,年份,数值
居民消费价格指数,00-总体,无,2022,102
居民消费价格指数,00-总体,无,2021,100.9
居民消费价格指数,00-总体,无,2020,102.5
居民消费价格指数,00-总体,无,2019,102.9
居民消费价格指数,00-总体,无,2018,102.1
居民消费价格指数,00-总体,无,2017,101.6
居民消费价格指数,00-总体,无,2016,102
居民消费价格指数,00-总体,无,2015,101.4
居民消费价格指数,00-总体,无,2014,102
居民消费价格指数,00-总体,无,2013,102.6
居民消费价格指数,00-总体,无,2012,102.6
居民消费价格指数,00-总体,无,2011,105.4
居民消费价格指数,00-总体,无,2010,103.3
居民消费价格指数,00-总体,无,2009,99.3
居民消费价格指数,00-总体,无,2008,105.9
居民消费价格指数,00-总体,无,2007,104.8
居民消费价格指数,00-总体,无,2006,101.5
居民消费价格指数,00-总体,无,2005,101.8
居民消费价格指数,00-总体,无,2004,103.9
居民消费价格指数,00-总体,无,2003,101.2
居民消费价格指数,00-总体,无,2002,99.2
居民消费价格指数,00-总体,无,2001,100.7
交通和通信类居民消费价格指数,01-大类,居民消费价格指数,2022,105.2
其他用品和服务类居民消费价格指数,01-大类,居民消费价格指数,2022,101.6
医疗保健类居民消费价格指数,01-大类,居民消费价格指数,2022,100.6
居住类居民消费价格指数,01-大类,居民消费价格指数,2022,100.7
教育文化和娱乐类居民消费价格指数,01-大类,居民消费价格指数,2022,101.8
生活用品及服务类居民消费价格指数,01-大类,居民消费价格指数,2022,101.2
衣着类居民消费价格指数,01-大类,居民消费价格指数,2022,100.5
食品烟酒类居民消费价格指数,01-大类,居民消费价格指数,2022,102.4
交通和通信类居民消费价格指数,01-大类,居民消费价格指数,2021,104.1
其他用品和服务类居民消费价格指数,01-大类,居民消费价格指数,2021,98.7
医疗保健类居民消费价格指数,01-大类,居民消费价格指数,2021,100.4
居住类居民消费价格指数,01-大类,居民消费价格指数,2021,100.8
教育文化和娱乐类居民消费价格指数,01-大类,居民消费价格指数,2021,101.9
生活用品及服务类居民消费价格指数,01-大类,居民消费价格指数,2021,100.4
衣着类居民消费价格指数,01-大类,居民消费价格指数,2021,100.3
食品烟酒类居民消费价格指数,01-大类,居民消费价格指数,2021,99.7
交通和通信类居民消费价格指数,01-大类,居民消费价格指数,2020,96.5
其他用品和服务类居民消费价格指数,01-大类,居民消费价格指数,2020,104.3
医疗保健类居民消费价格指数,01-大类,居民消费价格指数,2020,101.8
居住类居民消费价格指数,01-大类,居民消费价格指数,2020,99.6
教育文化和娱乐类居民消费价格指数,01-大类,居民消费价格指数,2020,101.3
生活用品及服务类居民消费价格指数,01-大类,居民消费价格指数,2020,100
衣着类居民消费价格指数,01-大类,居民消费价格指数,2020,99.8
食品烟酒类居民消费价格指数,01-大类,居民消费价格指数,2020,108.3
交通和通信类居民消费价格指数,01-大类,居民消费价格指数,2019,98.3
其他用品和服务类居民消费价格指数,01-大类,居民消费价格指数,2019,103.4
医疗保健类居民消费价格指数,01-大类,居民消费价格指数,2019,102.4
居住类居民消费价格指数,01-大类,居民消费价格指数,2019,101.4
教育文化和娱乐类居民消费价格指数,01-大类,居民消费价格指数,2019,102.2
生活用品及服务类居民消费价格指数,01-大类,居民消费价格指数,2019,100.9
衣着类居民消费价格指数,01-大类,居民消费价格指数,2019,101.6
食品烟酒类居民消费价格指数,01-大类,居民消费价格指数,2019,107
交通和通信类居民消费价格指数,01-大类,居民消费价格指数,2018,101.7
其他用品和服务类居民消费价格指数,01-大类,居民消费价格指数,2018,101.2
医疗保健类居民消费价格指数,01-大类,居民消费价格指数,2018,104.3
居住类居民消费价格指数,01-大类,居民消费价格指数,2018,102.4
教育文化和娱乐类居民消费价格指数,01-大类,居民消费价格指数,2018,102.2
生活用品及服务类居民消费价格指数,01-大类,居民消费价格指数,2018,101.6
衣着类居民消费价格指数,01-大类,居民消费价格指数,2018,101.2
食品烟酒类居民消费价格指数,01-大类,居民消费价格指数,2018,101.9
交通和通信类居民消费价格指数,01-大类,居民消费价格指数,2017,101.1
其他用品和服务类居民消费价格指数,01-大类,居民消费价格指数,2017,102.4
医疗保健类居民消费价格指数,01-大类,居民消费价格指数,2017,106
居住类居民消费价格指数,01-大类,居民消费价格指数,2017,102.6
教育文化和娱乐类居民消费价格指数,01-大类,居民消费价格指数,2017,102.4
生活用品及服务类居民消费价格指数,01-大类,居民消费价格指数,2017,101.1
衣着类居民消费价格指数,01-大类,居民消费价格指数,2017,101.3
食品烟酒类居民消费价格指数,01-大类,居民消费价格指数,2017,99.6
交通和通信类居民消费价格指数,01-大类,居民消费价格指数,2016,98.7
其他用品和服务类居民消费价格指数,01-大类,居民消费价格指数,2016,102.8
医疗保健类居民消费价格指数,01-大类,居民消费价格指数,2016,103.8
居住类居民消费价格指数,01-大类,居民消费价格指数,2016,101.6
教育文化和娱乐类居民消费价格指数,01-大类,居民消费价格指数,2016,101.6
生活用品及服务类居民消费价格指数,01-大类,居民消费价格指数,2016,100.5
衣着类居民消费价格指数,01-大类,居民消费价格指数,2016,101.4
食品烟酒类居民消费价格指数,01-大类,居民消费价格指数,2016,103.8
交通和通信类居民消费价格指数,01-大类,居民消费价格指数,2015,98.3
医疗保健和个人用品类居民消费价格指数,01-大类,居民消费价格指数,2015,102
娱乐教育文化用品及服务类居民消费价格指数,01-大类,居民消费价格指数,2015,101.4
家庭设备用品及维修服务类居民消费价格指数,01-大类,居民消费价格指数,2015,101
居住类居民消费价格指数,01-大类,居民消费价格指数,2015,100.7
烟酒及用品类居民消费价格指数,01-大类,居民消费价格指数,2015,102.1
衣着类居民消费价格指数,01-大类,居民消费价格指数,2015,102.7
食品类居民消费价格指数,01-大类,居民消费价格指数,2015,102.3
交通和通信类居民消费价格指数,01-大类,居民消费价格指数,2014,99.9
医疗保健和个人用品类居民消费价格指数,01-大类,居民消费价格指数,2014,101.3
娱乐教育文化用品及服务类居民消费价格指数,01-大类,居民消费价格指数,2014,101.9
家庭设备用品及维修服务类居民消费价格指数,01-大类,居民消费价格指数,2014,101.2
居住类居民消费价格指数,01-大类,居民消费价格指数,2014,102
烟酒及用品类居民消费价格指数,01-大类,居民消费价格指数,2014,99.4
衣着类居民消费价格指数,01-大类,居民消费价格指数,2014,102.4
食品类居民消费价格指数,01-大类,居民消费价格指数,2014,103.1
交通和通信类居民消费价格指数,01-大类,居民消费价格指数,2013,99.6
医疗保健和个人用品类居民消费价格指数,01-大类,居民消费价格指数,2013,101.3
娱乐教育文化用品及服务类居民消费价格指数,01-大类,居民消费价格指数,2013,101.8
家庭设备用品及维修服务类居民消费价格指数,01-大类,居民消费价格指数,2013,101.5
居住类居民消费价格指数,01-大类,居民消费价格指数,2013,102.8
烟酒及用品类居民消费价格指数,01-大类,居民消费价格指数,2013,100.3
衣着类居民消费价格指数,01-大类,居民消费价格指数,2013,102.3
食品类居民消费价格指数,01-大类,居民消费价格指数,2013,104.7
交通和通信类居民消费价格指数,01-大类,居民消费价格指数,2012,99.9
医疗保健和个人用品类居民消费价格指数,01-大类,居民消费价格指数,2012,102
娱乐教育文化用品及服务类居民消费价格指数,01-大类,居民消费价格指数,2012,100.5
家庭设备用品及维修服务类居民消费价格指数,01-大类,居民消费价格指数,2012,101.9
居住类居民消费价格指数,01-大类,居民消费价格指数,2012,102.1
烟酒及用品类居民消费价格指数,01-大类,居民消费价格指数,2012,102.9
衣着类居民消费价格指数,01-大类,居民消费价格指数,2012,103.1
食品类居民消费价格指数,01-大类,居民消费价格指数,2012,104.8
交通和通信类居民消费价格指数,01-大类,居民消费价格指数,2011,100.5
医疗保健和个人用品类居民消费价格指数,01-大类,居民消费价格指数,2011,103.4
娱乐教育文化用品及服务类居民消费价格指数,01-大类,居民消费价格指数,2011,100.4
家庭设备用品及维修服务类居民消费价格指数,01-大类,居民消费价格指数,2011,102.4
居住类居民消费价格指数,01-大类,居民消费价格指数,2011,105.3
烟酒及用品类居民消费价格指数,01-大类,居民消费价格指数,2011,102.8
衣着类居民消费价格指数,01-大类,居民消费价格指数,2011,102.1
食品类居民消费价格指数,01-大类,居民消费价格指数,2011,111.8
交通和通信类居民消费价格指数,01-大类,居民消费价格指数,2010,99.6
医疗保健和个人用品类居民消费价格指数,01-大类,居民消费价格指数,2010,103.2
娱乐教育文化用品及服务类居民消费价格指数,01-大类,居民消费价格指数,2010,100.6
家庭设备用品及维修服务类居民消费价格指数,01-大类,居民消费价格指数,2010,100
居住类居民消费价格指数,01-大类,居民消费价格指数,2010,104.5
烟酒及用品类居民消费价格指数,01-大类,居民消费价格指数,2010,101.6
衣着类居民消费价格指数,01-大类,居民消费价格指数,2010,99
食品类居民消费价格指数,01-大类,居民消费价格指数,2010,107.2
交通和通信类居民消费价格指数,01-大类,居民消费价格指数,2009,97.6
医疗保健和个人用品类居民消费价格指数,01-大类,居民消费价格指数,2009,101.2
娱乐教育文化用品及服务类居民消费价格指数,01-大类,居民消费价格指数,2009,99.3
家庭设备用品及维修服务类居民消费价格指数,01-大类,居民消费价格指数,2009,100.2
居住类居民消费价格指数,01-大类,居民消费价格指数,2009,96.4
烟酒及用品类居民消费价格指数,01-大类,居民消费价格指数,2009,101.5
衣着类居民消费价格指数,01-大类,居民消费价格指数,2009,98
食品类居民消费价格指数,01-大类,居民消费价格指数,2009,100.7
交通和通信类居民消费价格指数,01-大类,居民消费价格指数,2008,99.1
医疗保健和个人用品类居民消费价格指数,01-大类,居民消费价格指数,2008,102.9
娱乐教育文化用品及服务类居民消费价格指数,01-大类,居民消费价格指数,2008,99.3
家庭设备用品及维修服务类居民消费价格指数,01-大类,居民消费价格指数,2008,102.8
居住类居民消费价格指数,01-大类,居民消费价格指数,2008,105.5
烟酒及用品类居民消费价格指数,01-大类,居民消费价格指数,2008,102.9
衣着类居民消费价格指数,01-大类,居民消费价格指数,2008,98.5
食品类居民消费价格指数,01-大类,居民消费价格指数,2008,114.3
交通和通信类居民消费价格指数,01-大类,居民消费价格指数,2007,99.1
医疗保健和个人用品类居民消费价格指数,01-大类,居民消费价格指数,2007,102.1
娱乐教育文化用品及服务类居民消费价格指数,01-大类,居民消费价格指数,2007,99
家庭设备用品及维修服务类居民消费价格指数,01-大类,居民消费价格指数,2007,101.9
居住类居民消费价格指数,01-大类,居民消费价格指数,2007,104.5
烟酒及用品类居民消费价格指数,01-大类,居民消费价格指数,2007,101.7
衣着类居民消费价格指数,01-大类,居民消费价格指数,2007,99.4
食品类居民消费价格指数,01-大类,居民消费价格指数,2007,112.3
交通和通信类居民消费价格指数,01-大类,居民消费价格指数,2006,99.9
医疗保健和个人用品类居民消费价格指数,01-大类,居民消费价格指数,2006,101.1
娱乐教育文化用品及服务类居民消费价格指数,01-大类,居民消费价格指数,2006,99.5
家庭设备用品及维修服务类居民消费价格指数,01-大类,居民消费价格指数,2006,101.2
居住类居民消费价格指数,01-大类,居民消费价格指数,2006,104.6
烟酒及用品类居民消费价格指数,01-大类,居民消费价格指数,2006,100.6
衣着类居民消费价格指数,01-大类,居民消费价格指数,2006,99.4
食品类居民消费价格指数,01-大类,居民消费价格指数,2006,102.3
交通和通信类居民消费价格指数,01-大类,居民消费价格指数,2005,99
医疗保健和个人用品类居民消费价格指数,01-大类,居民消费价格指数,2005,99.9
娱乐教育文化用品及服务类居民消费价格指数,01-大类,居民消费价格指数,2005,102.2
家庭设备用品及维修服务类居民消费价格指数,01-大类,居民消费价格指数,2005,99.9
居住类居民消费价格指数,01-大类,居民消费价格指数,2005,105.4
烟酒及用品类居民消费价格指数,01-大类,居民消费价格指数,2005,100.4
衣着类居民消费价格指数,01-大类,居民消费价格指数,2005,98.3
食品类居民消费价格指数,01-大类,居民消费价格指数,2005,102.9
交通和通信类居民消费价格指数,01-大类,居民消费价格指数,2004,98.5
医疗保健和个人用品类居民消费价格指数,01-大类,居民消费价格指数,2004,99.7
娱乐教育文化用品及服务类居民消费价格指数,01-大类,居民消费价格指数,2004,101.3
家庭设备用品及维修服务类居民消费价格指数,01-大类,居民消费价格指数,2004,98.6
居住类居民消费价格指数,01-大类,居民消费价格指数,2004,104.9
烟酒及用品类居民消费价格指数,01-大类,居民消费价格指数,2004,101.2
衣着类居民消费价格指数,01-大类,居民消费价格指数,2004,98.5
食品类居民消费价格指数,01-大类,居民消费价格指数,2004,109.9
交通和通信类居民消费价格指数,01-大类,居民消费价格指数,2003,97.8
医疗保健和个人用品类居民消费价格指数,01-大类,居民消费价格指数,2003,100.9
娱乐教育文化用品及服务类居民消费价格指数,01-大类,居民消费价格指数,2003,101.3
家庭设备用品及维修服务类居民消费价格指数,01-大类,居民消费价格指数,2003,97.4
居住类居民消费价格指数,01-大类,居民消费价格指数,2003,102.1
烟酒及用品类居民消费价格指数,01-大类,居民消费价格指数,2003,99.8
衣着类居民消费价格指数,01-大类,居民消费价格指数,2003,97.8
食品类居民消费价格指数,01-大类,居民消费价格指数,2003,103.4
交通和通信类居民消费价格指数,01-大类,居民消费价格指数,2002,98.1
医疗保健和个人用品类居民消费价格指数,01-大类,居民消费价格指数,2002,98.8
娱乐教育文化用品及服务类居民消费价格指数,01-大类,居民消费价格指数,2002,100.6
家庭设备用品及维修服务类居民消费价格指数,01-大类,居民消费价格指数,2002,97.5
居住类居民消费价格指数,01-大类,居民消费价格指数,2002,99.9
烟酒及用品类居民消费价格指数,01-大类,居民消费价格指数,2002,99.9
衣着类居民消费价格指数,01-大类,居民消费价格指数,2002,97.6
食品类居民消费价格指数,01-大类,居民消费价格指数,2002,99.4
交通和通信类居民消费价格指数,01-大类,居民消费价格指数,2001,99
医疗保健和个人用品类居民消费价格指数,01-大类,居民消费价格指数,2001,100
娱乐教育文化用品及服务类居民消费价格指数,01-大类,居民消费价格指数,2001,106.6
家庭设备用品及维修服务类居民消费价格指数,01-大类,居民消费价格指数,2001,97.7
居住类居民消费价格指数,01-大类,居民消费价格指数,2001,101.2
烟酒及用品类居民消费价格指数,01-大类,居民消费价格指数,2001,99.7
衣着类居民消费价格指数,01-大类,居民消费价格指数,2001,98.1
食品类居民消费价格指数,01-大类,居民消费价格指数,2001,100
交通类居民消费价格指数,02-子类,交通和通信类居民消费价格指数,2022,
交通工具类居民消费价格指数,02-子类,交通和通信类居民消费价格指数,2022,
交通工具用燃料类居民消费价格指数,02-子类,交通和通信类居民消费价格指数,2022,
交通工具使用和维修类居民消费价格指数,02-子类,交通和通信类居民消费价格指数,2022,
交通费类居民消费价格指数,02-子类,交通和通信类居民消费价格指数,2022,
通信类居民消费价格指数,02-子类,交通和通信类居民消费价格指数,2022,
其他用品类居民消费价格指数,02-子类,其他用品和服务类居民消费价格指数,2022,
其他服务类居民消费价格指数,02-子类,其他用品和服务类居民消费价格指数,2022,
药品及医疗器具类居民消费价格指数,02-子类,医疗保健类居民消费价格指数,2022,
医疗服务类居民消费价格指数,02-子类,医疗保健类居民消费价格指数,2022,
租赁房房租类居民消费价格指数,02-子类,居住类居民消费价格指数,2022,
住房保养维修及管理类居民消费价格指数,02-子类,居住类居民消费价格指数,2022,
水电燃料类居民消费价格指数,02-子类,居住类居民消费价格指数,2022,
自有住房类居民消费价格指数,02-子类,居住类居民消费价格指数,2022,
教育类居民消费价格指数,02-子类,教育文化和娱乐类居民消费价格指数,2022,
教育用品类居民消费价格指数,02-子类,教育文化和娱乐类居民消费价格指数,2022,
教育服务类居民消费价格指数,02-子类,教育文化和娱乐类居民消费价格指数,2022,
文化娱乐类居民消费价格指数,02-子类,教育文化和娱乐类居民消费价格指数,2022,
文娱耐用消费品类居民消费价格指数,02-子类,教育文化和娱乐类居民消费价格指数,2022,
其他文娱用品类居民消费价格指数,02-子类,教育文化和娱乐类居民消费价格指数,2022,
文化娱乐服务类居民消费价格指数,02-子类,教育文化和娱乐类居民消费价格指数,2022,
旅游类居民消费价格指数,02-子类,教育文化和娱乐类居民消费价格指数,2022,
家具及室内装饰品类居民消费价格指数,02-子类,生活用品及服务类居民消费价格指数,2022,
家用器具类居民消费价格指数,02-子类,生活用品及服务类居民消费价格指数,2022,
家用纺织品类居民消费价格指数,02-子类,生活用品及服务类居民消费价格指数,2022,
家庭日用杂品类居民消费价格指数,02-子类,生活用品及服务类居民消费价格指数,2022,
个人护理用品类居民消费价格指数,02-子类,生活用品及服务类居民消费价格指数,2022,
家庭服务类居民消费价格指数,02-子类,生活用品及服务类居民消费价格指数,2022,
服装类居民消费价格指数,02-子类,衣着类居民消费价格指数,2022,
服装材料类居民消费价格指数,02-子类,衣着类居民消费价格指数,2022,
其他衣着及配件类居民消费价格指数,02-子类,衣着类居民消费价格指数,2022,
衣着加工服务费类居民消费价格指数,02-子类,衣着类居民消费价格指数,2022,
鞋类居民消费价格指数,02-子类,衣着类居民消费价格指数,2022,
食品类居民消费价格指数,02-子类,食品烟酒类居民消费价格指数,2022,
粮食类居民消费价格指数,02-子类,食品烟酒类居民消费价格指数,2022,
薯类居民消费价格指数,02-子类,食品烟酒类居民消费价格指数,2022,
豆类居民消费价格指数,02-子类,食品烟酒类居民消费价格指数,2022,
食用油类居民消费价格指数,02-子类,食品烟酒类居民消费价格指数,2022,
菜类居民消费价格指数,02-子类,食品烟酒类居民消费价格指数,2022,
鲜菜类居民消费价格指数,02-子类,食品烟酒类居民消费价格指数,2022,
畜肉类居民消费价格指数,02-子类,食品烟酒类居民消费价格指数,2022,
禽肉类居民消费价格指数,02-子类,食品烟酒类居民消费价格指数,2022,
水产品类居民消费价格指数,02-子类,食品烟酒类居民消费价格指数,2022,
蛋类居民消费价格指数,02-子类,食品烟酒类居民消费价格指数,2022,
奶类居民消费价格指数,02-子类,食品烟酒类居民消费价格指数,2022,
干鲜瓜果类居民消费价格指数,02-子类,食品烟酒类居民消费价格指数,2022,
鲜瓜果类居民消费价格指数,02-子类,食品烟酒类居民消费价格指数,2022,
糖果糕点类居民消费价格指数,02-子类,食品烟酒类居民消费价格指数,2022,
调味品类居民消费价格指数,02-子类,食品烟酒类居民消费价格指数,2022,
其他食品类居民消费价格指数,02-子类,食品烟酒类居民消费价格指数,2022,
茶及饮料类居民消费价格指数,02-子类,食品烟酒类居民消费价格指数,2022,
烟酒类居民消费价格指数,02-子类,食品烟酒类居民消费价格指数,2022,
在外餐饮类居民消费价格指数,02-子类,食品烟酒类居民消费价格指数,2022,
交通类居民消费价格指数,02-子类,交通和通信类居民消费价格指数,2021,105.3
交通工具类居民消费价格指数,02-子类,交通和通信类居民消费价格指数,2021,99.5
交通工具用燃料类居民消费价格指数,02-子类,交通和通信类居民消费价格指数,2021,117.1
交通工具使用和维修类居民消费价格指数,02-子类,交通和通信类居民消费价格指数,2021,101.5
交通费类居民消费价格指数,02-子类,交通和通信类居民消费价格指数,2021,102.3
通信类居民消费价格指数,02-子类,交通和通信类居民消费价格指数,2021,100.9
其他用品类居民消费价格指数,02-子类,其他用品和服务类居民消费价格指数,2021,99.5
其他服务类居民消费价格指数,02-子类,其他用品和服务类居民消费价格指数,2021,97.9
药品及医疗器具类居民消费价格指数,02-子类,医疗保健类居民消费价格指数,2021,99.5
医疗服务类居民消费价格指数,02-子类,医疗保健类居民消费价格指数,2021,100.8
租赁房房租类居民消费价格指数,02-子类,居住类居民消费价格指数,2021,100.4
住房保养维修及管理类居民消费价格指数,02-子类,居住类居民消费价格指数,2021,102.3
水电燃料类居民消费价格指数,02-子类,居住类居民消费价格指数,2021,101.8
自有住房类居民消费价格指数,02-子类,居住类居民消费价格指数,2021,
教育类居民消费价格指数,02-子类,教育文化和娱乐类居民消费价格指数,2021,102.1
教育用品类居民消费价格指数,02-子类,教育文化和娱乐类居民消费价格指数,2021,101.2
教育服务类居民消费价格指数,02-子类,教育文化和娱乐类居民消费价格指数,2021,102.2
文化娱乐类居民消费价格指数,02-子类,教育文化和娱乐类居民消费价格指数,2021,101.5
文娱耐用消费品类居民消费价格指数,02-子类,教育文化和娱乐类居民消费价格指数,2021,101.5
其他文娱用品类居民消费价格指数,02-子类,教育文化和娱乐类居民消费价格指数,2021,100.6
文化娱乐服务类居民消费价格指数,02-子类,教育文化和娱乐类居民消费价格指数,2021,102.6
旅游类居民消费价格指数,02-子类,教育文化和娱乐类居民消费价格指数,2021,101.4
家具及室内装饰品类居民消费价格指数,02-子类,生活用品及服务类居民消费价格指数,2021,101
家用器具类居民消费价格指数,02-子类,生活用品及服务类居民消费价格指数,2021,100.8
家用纺织品类居民消费价格指数,02-子类,生活用品及服务类居民消费价格指数,2021,99.9
家庭日用杂品类居民消费价格指数,02-子类,生活用品及服务类居民消费价格指数,2021,99.9
个人护理用品类居民消费价格指数,02-子类,生活用品及服务类居民消费价格指数,2021,98.8
家庭服务类居民消费价格指数,02-子类,生活用品及服务类居民消费价格指数,2021,102.7
服装类居民消费价格指数,02-子类,衣着类居民消费价格指数,2021,100.4
服装材料类居民消费价格指数,02-子类,衣着类居民消费价格指数,2021,
其他衣着及配件类居民消费价格指数,02-子类,衣着类居民消费价格指数,2021,
衣着加工服务费类居民消费价格指数,02-子类,衣着类居民消费价格指数,2021,
鞋类居民消费价格指数,02-子类,衣着类居民消费价格指数,2021,99.8
食品类居民消费价格指数,02-子类,食品烟酒类居民消费价格指数,2021,98.6
粮食类居民消费价格指数,02-子类,食品烟酒类居民消费价格指数,2021,101.1
薯类居民消费价格指数,02-子类,食品烟酒类居民消费价格指数,2021,99.7
豆类居民消费价格指数,02-子类,食品烟酒类居民消费价格指数,2021,106.6
食用油类居民消费价格指数,02-子类,食品烟酒类居民消费价格指数,2021,106.9
菜类居民消费价格指数,02-子类,食品烟酒类居民消费价格指数,2021,105
鲜菜类居民消费价格指数,02-子类,食品烟酒类居民消费价格指数,2021,105.6
畜肉类居民消费价格指数,02-子类,食品烟酒类居民消费价格指数,2021,82.8
禽肉类居民消费价格指数,02-子类,食品烟酒类居民消费价格指数,2021,96.8
水产品类居民消费价格指数,02-子类,食品烟酒类居民消费价格指数,2021,109.4
蛋类居民消费价格指数,02-子类,食品烟酒类居民消费价格指数,2021,110.8
奶类居民消费价格指数,02-子类,食品烟酒类居民消费价格指数,2021,101.8
干鲜瓜果类居民消费价格指数,02-子类,食品烟酒类居民消费价格指数,2021,102.1
鲜瓜果类居民消费价格指数,02-子类,食品烟酒类居民消费价格指数,2021,102.8
糖果糕点类居民消费价格指数,02-子类,食品烟酒类居民消费价格指数,2021,101.4
调味品类居民消费价格指数,02-子类,食品烟酒类居民消费价格指数,2021,101.2
其他食品类居民消费价格指数,02-子类,食品烟酒类居民消费价格指数,2021,100.4
茶及饮料类居民消费价格指数,02-子类,食品烟酒类居民消费价格指数,2021,101.1
烟酒类居民消费价格指数,02-子类,食品烟酒类居民消费价格指数,2021,101.5
在外餐饮类居民消费价格指数,02-子类,食品烟酒类居民消费价格指数,2021,102
交通类居民消费价格指数,02-子类,交通和通信类居民消费价格指数,2020,95
交通工具类居民消费价格指数,02-子类,交通和通信类居民消费价格指数,2020,97.8
交通工具用燃料类居民消费价格指数,02-子类,交通和通信类居民消费价格指数,2020,86.2
交通工具使用和维修类居民消费价格指数,02-子类,交通和通信类居民消费价格指数,2020,101.4
交通费类居民消费价格指数,02-子类,交通和通信类居民消费价格指数,2020,97.4
通信类居民消费价格指数,02-子类,交通和通信类居民消费价格指数,2020,99.3
其他用品类居民消费价格指数,02-子类,其他用品和服务类居民消费价格指数,2020,109.5
其他服务类居民消费价格指数,02-子类,其他用品和服务类居民消费价格指数,2020,100.3
药品及医疗器具类居民消费价格指数,02-子类,医疗保健类居民消费价格指数,2020,101
医疗服务类居民消费价格指数,02-子类,医疗保健类居民消费价格指数,2020,102.3
租赁房房租类居民消费价格指数,02-子类,居住类居民消费价格指数,2020,99.4
住房保养维修及管理类居民消费价格指数,02-子类,居住类居民消费价格指数,2020,101.1
水电燃料类居民消费价格指数,02-子类,居住类居民消费价格指数,2020,99.3
自有住房类居民消费价格指数,02-子类,居住类居民消费价格指数,2020,
教育类居民消费价格指数,02-子类,教育文化和娱乐类居民消费价格指数,2020,102.2
教育用品类居民消费价格指数,02-子类,教育文化和娱乐类居民消费价格指数,2020,101.5
教育服务类居民消费价格指数,02-子类,教育文化和娱乐类居民消费价格指数,2020,102.2
文化娱乐类居民消费价格指数,02-子类,教育文化和娱乐类居民消费价格指数,2020,100.1
文娱耐用消费品类居民消费价格指数,02-子类,教育文化和娱乐类居民消费价格指数,2020,98.7
其他文娱用品类居民消费价格指数,02-子类,教育文化和娱乐类居民消费价格指数,2020,100.4
文化娱乐服务类居民消费价格指数,02-子类,教育文化和娱乐类居民消费价格指数,2020,99.1
旅游类居民消费价格指数,02-子类,教育文化和娱乐类居民消费价格指数,2020,101.1
家具及室内装饰品类居民消费价格指数,02-子类,生活用品及服务类居民消费价格指数,2020,99.9
家用器具类居民消费价格指数,02-子类,生活用品及服务类居民消费价格指数,2020,98.2
家用纺织品类居民消费价格指数,02-子类,生活用品及服务类居民消费价格指数,2020,99.8
家庭日用杂品类居民消费价格指数,02-子类,生活用品及服务类居民消费价格指数,2020,100.5
个人护理用品类居民消费价格指数,02-子类,生活用品及服务类居民消费价格指数,2020,101
家庭服务类居民消费价格指数,02-子类,生活用品及服务类居民消费价格指数,2020,102.7
服装类居民消费价格指数,02-子类,衣着类居民消费价格指数,2020,99.9
服装材料类居民消费价格指数,02-子类,衣着类居民消费价格指数,2020,100.5
其他衣着及配件类居民消费价格指数,02-子类,衣着类居民消费价格指数,2020,99.6
衣着加工服务费类居民消费价格指数,02-子类,衣着类居民消费价格指数,2020,102.1
鞋类居民消费价格指数,02-子类,衣着类居民消费价格指数,2020,99.2
食品类居民消费价格指数,02-子类,食品烟酒类居民消费价格指数,2020,110.6
粮食类居民消费价格指数,02-子类,食品烟酒类居民消费价格指数,2020,101.2
薯类居民消费价格指数,02-子类,食品烟酒类居民消费价格指数,2020,103.3
豆类居民消费价格指数,02-子类,食品烟酒类居民消费价格指数,2020,105.6
食用油类居民消费价格指数,02-子类,食品烟酒类居民消费价格指数,2020,105.3
菜类居民消费价格指数,02-子类,食品烟酒类居民消费价格指数,2020,106.6
鲜菜类居民消费价格指数,02-子类,食品烟酒类居民消费价格指数,2020,107.1
畜肉类居民消费价格指数,02-子类,食品烟酒类居民消费价格指数,2020,138.4
禽肉类居民消费价格指数,02-子类,食品烟酒类居民消费价格指数,2020,102.2
水产品类居民消费价格指数,02-子类,食品烟酒类居民消费价格指数,2020,103
蛋类居民消费价格指数,02-子类,食品烟酒类居民消费价格指数,2020,90.6
奶类居民消费价格指数,02-子类,食品烟酒类居民消费价格指数,2020,101
干鲜瓜果类居民消费价格指数,02-子类,食品烟酒类居民消费价格指数,2020,91.6
鲜瓜果类居民消费价格指数,02-子类,食品烟酒类居民消费价格指数,2020,88.9
糖果糕点类居民消费价格指数,02-子类,食品烟酒类居民消费价格指数,2020,101
调味品类居民消费价格指数,02-子类,食品烟酒类居民消费价格指数,2020,101.3
其他食品类居民消费价格指数,02-子类,食品烟酒类居民消费价格指数,2020,101.8
茶及饮料类居民消费价格指数,02-子类,食品烟酒类居民消费价格指数,2020,100.6
烟酒类居民消费价格指数,02-子类,食品烟酒类居民消费价格指数,2020,101.3
在外餐饮类居民消费价格指数,02-子类,食品烟酒类居民消费价格指数,2020,104.7
交通类居民消费价格指数,02-子类,交通和通信类居民消费价格指数,2019,98
交通工具类居民消费价格指数,02-子类,交通和通信类居民消费价格指数,2019,98.5
交通工具用燃料类居民消费价格指数,02-子类,交通和通信类居民消费价格指数,2019,94
交通工具使用和维修类居民消费价格指数,02-子类,交通和通信类居民消费价格指数,2019,102.3
交通费类居民消费价格指数,02-子类,交通和通信类居民消费价格指数,2019,100.4
通信类居民消费价格指数,02-子类,交通和通信类居民消费价格指数,2019,98.8
其他用品类居民消费价格指数,02-子类,其他用品和服务类居民消费价格指数,2019,104.5
其他服务类居民消费价格指数,02-子类,其他用品和服务类居民消费价格指数,2019,102.6
药品及医疗器具类居民消费价格指数,02-子类,医疗保健类居民消费价格指数,2019,103.6
医疗服务类居民消费价格指数,02-子类,医疗保健类居民消费价格指数,2019,101.6
租赁房房租类居民消费价格指数,02-子类,居住类居民消费价格指数,2019,101.8
住房保养维修及管理类居民消费价格指数,02-子类,居住类居民消费价格指数,2019,101.8
水电燃料类居民消费价格指数,02-子类,居住类居民消费价格指数,2019,100.6
自有住房类居民消费价格指数,02-子类,居住类居民消费价格指数,2019,
教育类居民消费价格指数,02-子类,教育文化和娱乐类居民消费价格指数,2019,103.1
教育用品类居民消费价格指数,02-子类,教育文化和娱乐类居民消费价格指数,2019,102.8
教育服务类居民消费价格指数,02-子类,教育文化和娱乐类居民消费价格指数,2019,103.1
文化娱乐类居民消费价格指数,02-子类,教育文化和娱乐类居民消费价格指数,2019,101
文娱耐用消费品类居民消费价格指数,02-子类,教育文化和娱乐类居民消费价格指数,2019,98.7
其他文娱用品类居民消费价格指数,02-子类,教育文化和娱乐类居民消费价格指数,2019,102
文化娱乐服务类居民消费价格指数,02-子类,教育文化和娱乐类居民消费价格指数,2019,101
旅游类居民消费价格指数,02-子类,教育文化和娱乐类居民消费价格指数,2019,101.8
家具及室内装饰品类居民消费价格指数,02-子类,生活用品及服务类居民消费价格指数,2019,100.9
家用器具类居民消费价格指数,02-子类,生活用品及服务类居民消费价格指数,2019,99.4
家用纺织品类居民消费价格指数,02-子类,生活用品及服务类居民消费价格指数,2019,100.5
家庭日用杂品类居民消费价格指数,02-子类,生活用品及服务类居民消费价格指数,2019,100.9
个人护理用品类居民消费价格指数,02-子类,生活用品及服务类居民消费价格指数,2019,101.1
家庭服务类居民消费价格指数,02-子类,生活用品及服务类居民消费价格指数,2019,104.8
服装类居民消费价格指数,02-子类,衣着类居民消费价格指数,2019,101.8
服装材料类居民消费价格指数,02-子类,衣着类居民消费价格指数,2019,101.7
其他衣着及配件类居民消费价格指数,02-子类,衣着类居民消费价格指数,2019,100.2
衣着加工服务费类居民消费价格指数,02-子类,衣着类居民消费价格指数,2019,104.1
鞋类居民消费价格指数,02-子类,衣着类居民消费价格指数,2019,100.9
食品类居民消费价格指数,02-子类,食品烟酒类居民消费价格指数,2019,109.2
粮食类居民消费价格指数,02-子类,食品烟酒类居民消费价格指数,2019,100.5
薯类居民消费价格指数,02-子类,食品烟酒类居民消费价格指数,2019,102.5
豆类居民消费价格指数,02-子类,食品烟酒类居民消费价格指数,2019,101.7
食用油类居民消费价格指数,02-子类,食品烟酒类居民消费价格指数,2019,101.3
菜类居民消费价格指数,02-子类,食品烟酒类居民消费价格指数,2019,103.9
鲜菜类居民消费价格指数,02-子类,食品烟酒类居民消费价格指数,2019,104.1
畜肉类居民消费价格指数,02-子类,食品烟酒类居民消费价格指数,2019,129.1
禽肉类居民消费价格指数,02-子类,食品烟酒类居民消费价格指数,2019,110
水产品类居民消费价格指数,02-子类,食品烟酒类居民消费价格指数,2019,100.3
蛋类居民消费价格指数,02-子类,食品烟酒类居民消费价格指数,2019,105.1
奶类居民消费价格指数,02-子类,食品烟酒类居民消费价格指数,2019,101.6
干鲜瓜果类居民消费价格指数,02-子类,食品烟酒类居民消费价格指数,2019,109.8
鲜瓜果类居民消费价格指数,02-子类,食品烟酒类居民消费价格指数,2019,112.3
糖果糕点类居民消费价格指数,02-子类,食品烟酒类居民消费价格指数,2019,100.7
调味品类居民消费价格指数,02-子类,食品烟酒类居民消费价格指数,2019,101.2
其他食品类居民消费价格指数,02-子类,食品烟酒类居民消费价格指数,2019,101.4
茶及饮料类居民消费价格指数,02-子类,食品烟酒类居民消费价格指数,2019,101.5
烟酒类居民消费价格指数,02-子类,食品烟酒类居民消费价格指数,2019,101.2
在外餐饮类居民消费价格指数,02-子类,食品烟酒类居民消费价格指数,2019,103.3
交通类居民消费价格指数,02-子类,交通和通信类居民消费价格指数,2018,103.2
交通工具类居民消费价格指数,02-子类,交通和通信类居民消费价格指数,2018,98.5
交通工具用燃料类居民消费价格指数,02-子类,交通和通信类居民消费价格指数,2018,112.6
交通工具使用和维修类居民消费价格指数,02-子类,交通和通信类居民消费价格指数,2018,102.8
交通费类居民消费价格指数,02-子类,交通和通信类居民消费价格指数,2018,101.3
通信类居民消费价格指数,02-子类,交通和通信类居民消费价格指数,2018,98.8
其他用品类居民消费价格指数,02-子类,其他用品和服务类居民消费价格指数,2018,99.1
其他服务类居民消费价格指数,02-子类,其他用品和服务类居民消费价格指数,2018,102.8
药品及医疗器具类居民消费价格指数,02-子类,医疗保健类居民消费价格指数,2018,104.4
医疗服务类居民消费价格指数,02-子类,医疗保健类居民消费价格指数,2018,104.3
租赁房房租类居民消费价格指数,02-子类,居住类居民消费价格指数,2018,102.5
住房保养维修及管理类居民消费价格指数,02-子类,居住类居民消费价格指数,2018,103.8
水电燃料类居民消费价格指数,02-子类,居住类居民消费价格指数,2018,101.8
自有住房类居民消费价格指数,02-子类,居住类居民消费价格指数,2018,102.2
教育类居民消费价格指数,02-子类,教育文化和娱乐类居民消费价格指数,2018,102.9
教育用品类居民消费价格指数,02-子类,教育文化和娱乐类居民消费价格指数,2018,102.5
教育服务类居民消费价格指数,02-子类,教育文化和娱乐类居民消费价格指数,2018,102.9
文化娱乐类居民消费价格指数,02-子类,教育文化和娱乐类居民消费价格指数,2018,101.4
文娱耐用消费品类居民消费价格指数,02-子类,教育文化和娱乐类居民消费价格指数,2018,98.3
其他文娱用品类居民消费价格指数,02-子类,教育文化和娱乐类居民消费价格指数,2018,101.9
文化娱乐服务类居民消费价格指数,02-子类,教育文化和娱乐类居民消费价格指数,2018,100.8
旅游类居民消费价格指数,02-子类,教育文化和娱乐类居民消费价格指数,2018,103.3
家具及室内装饰品类居民消费价格指数,02-子类,生活用品及服务类居民消费价格指数,2018,102.3
家用器具类居民消费价格指数,02-子类,生活用品及服务类居民消费价格指数,2018,100.5
家用纺织品类居民消费价格指数,02-子类,生活用品及服务类居民消费价格指数,2018,100.7
家庭日用杂品类居民消费价格指数,02-子类,生活用品及服务类居民消费价格指数,2018,101.4
个人护理用品类居民消费价格指数,02-子类,生活用品及服务类居民消费价格指数,2018,101
家庭服务类居民消费价格指数,02-子类,生活用品及服务类居民消费价格指数,2018,105.6
服装类居民消费价格指数,02-子类,衣着类居民消费价格指数,2018,101.4
服装材料类居民消费价格指数,02-子类,衣着类居民消费价格指数,2018,101.9
其他衣着及配件类居民消费价格指数,02-子类,衣着类居民消费价格指数,2018,100.4
衣着加工服务费类居民消费价格指数,02-子类,衣着类居民消费价格指数,2018,104.1
鞋类居民消费价格指数,02-子类,衣着类居民消费价格指数,2018,100.4
食品类居民消费价格指数,02-子类,食品烟酒类居民消费价格指数,2018,101.8
粮食类居民消费价格指数,02-子类,食品烟酒类居民消费价格指数,2018,100.8
薯类居民消费价格指数,02-子类,食品烟酒类居民消费价格指数,2018,107.1
豆类居民消费价格指数,02-子类,食品烟酒类居民消费价格指数,2018,100.9
食用油类居民消费价格指数,02-子类,食品烟酒类居民消费价格指数,2018,99.2
菜类居民消费价格指数,02-子类,食品烟酒类居民消费价格指数,2018,106.6
鲜菜类居民消费价格指数,02-子类,食品烟酒类居民消费价格指数,2018,107.1
畜肉类居民消费价格指数,02-子类,食品烟酒类居民消费价格指数,2018,96.2
禽肉类居民消费价格指数,02-子类,食品烟酒类居民消费价格指数,2018,105.5
水产品类居民消费价格指数,02-子类,食品烟酒类居民消费价格指数,2018,102.3
蛋类居民消费价格指数,02-子类,食品烟酒类居民消费价格指数,2018,112
奶类居民消费价格指数,02-子类,食品烟酒类居民消费价格指数,2018,101.4
干鲜瓜果类居民消费价格指数,02-子类,食品烟酒类居民消费价格指数,2018,104.1
鲜瓜果类居民消费价格指数,02-子类,食品烟酒类居民消费价格指数,2018,105.6
糖果糕点类居民消费价格指数,02-子类,食品烟酒类居民消费价格指数,2018,102
调味品类居民消费价格指数,02-子类,食品烟酒类居民消费价格指数,2018,101.9
其他食品类居民消费价格指数,02-子类,食品烟酒类居民消费价格指数,2018,101.3
茶及饮料类居民消费价格指数,02-子类,食品烟酒类居民消费价格指数,2018,101.7
烟酒类居民消费价格指数,02-子类,食品烟酒类居民消费价格指数,2018,101.2
在外餐饮类居民消费价格指数,02-子类,食品烟酒类居民消费价格指数,2018,102.4
交通类居民消费价格指数,02-子类,交通和通信类居民消费价格指数,2017,102.2
交通工具类居民消费价格指数,02-子类,交通和通信类居民消费价格指数,2017,98.5
交通工具用燃料类居民消费价格指数,02-子类,交通和通信类居民消费价格指数,2017,109.8
交通工具使用和维修类居民消费价格指数,02-子类,交通和通信类居民消费价格指数,2017,101.8
交通费类居民消费价格指数,02-子类,交通和通信类居民消费价格指数,2017,101.2
通信类居民消费价格指数,02-子类,交通和通信类居民消费价格指数,2017,99.2
其他用品类居民消费价格指数,02-子类,其他用品和服务类居民消费价格指数,2017,101.1
其他服务类居民消费价格指数,02-子类,其他用品和服务类居民消费价格指数,2017,103.5
药品及医疗器具类居民消费价格指数,02-子类,医疗保健类居民消费价格指数,2017,105.4
医疗服务类居民消费价格指数,02-子类,医疗保健类居民消费价格指数,2017,106.5
租赁房房租类居民消费价格指数,02-子类,居住类居民消费价格指数,2017,102.9
住房保养维修及管理类居民消费价格指数,02-子类,居住类居民消费价格指数,2017,102.9
水电燃料类居民消费价格指数,02-子类,居住类居民消费价格指数,2017,101.9
自有住房类居民消费价格指数,02-子类,居住类居民消费价格指数,2017,102.8
教育类居民消费价格指数,02-子类,教育文化和娱乐类居民消费价格指数,2017,103
教育用品类居民消费价格指数,02-子类,教育文化和娱乐类居民消费价格指数,2017,102
教育服务类居民消费价格指数,02-子类,教育文化和娱乐类居民消费价格指数,2017,103.1
文化娱乐类居民消费价格指数,02-子类,教育文化和娱乐类居民消费价格指数,2017,101.5
文娱耐用消费品类居民消费价格指数,02-子类,教育文化和娱乐类居民消费价格指数,2017,99
其他文娱用品类居民消费价格指数,02-子类,教育文化和娱乐类居民消费价格指数,2017,101
文化娱乐服务类居民消费价格指数,02-子类,教育文化和娱乐类居民消费价格指数,2017,100.7
旅游类居民消费价格指数,02-子类,教育文化和娱乐类居民消费价格指数,2017,103.6
家具及室内装饰品类居民消费价格指数,02-子类,生活用品及服务类居民消费价格指数,2017,102
家用器具类居民消费价格指数,02-子类,生活用品及服务类居民消费价格指数,2017,100.4
家用纺织品类居民消费价格指数,02-子类,生活用品及服务类居民消费价格指数,2017,100.3
家庭日用杂品类居民消费价格指数,02-子类,生活用品及服务类居民消费价格指数,2017,100.5
个人护理用品类居民消费价格指数,02-子类,生活用品及服务类居民消费价格指数,2017,101.1
家庭服务类居民消费价格指数,02-子类,生活用品及服务类居民消费价格指数,2017,104.2
服装类居民消费价格指数,02-子类,衣着类居民消费价格指数,2017,101.3
服装材料类居民消费价格指数,02-子类,衣着类居民消费价格指数,2017,101.5
其他衣着及配件类居民消费价格指数,02-子类,衣着类居民消费价格指数,2017,100.6
衣着加工服务费类居民消费价格指数,02-子类,衣着类居民消费价格指数,2017,104
鞋类居民消费价格指数,02-子类,衣着类居民消费价格指数,2017,101
食品类居民消费价格指数,02-子类,食品烟酒类居民消费价格指数,2017,98.6
粮食类居民消费价格指数,02-子类,食品烟酒类居民消费价格指数,2017,101.5
薯类居民消费价格指数,02-子类,食品烟酒类居民消费价格指数,2017,96.2
豆类居民消费价格指数,02-子类,食品烟酒类居民消费价格指数,2017,100.7
食用油类居民消费价格指数,02-子类,食品烟酒类居民消费价格指数,2017,99.8
菜类居民消费价格指数,02-子类,食品烟酒类居民消费价格指数,2017,92.7
鲜菜类居民消费价格指数,02-子类,食品烟酒类居民消费价格指数,2017,91.9
畜肉类居民消费价格指数,02-子类,食品烟酒类居民消费价格指数,2017,95
禽肉类居民消费价格指数,02-子类,食品烟酒类居民消费价格指数,2017,99.5
水产品类居民消费价格指数,02-子类,食品烟酒类居民消费价格指数,2017,104.4
蛋类居民消费价格指数,02-子类,食品烟酒类居民消费价格指数,2017,96
奶类居民消费价格指数,02-子类,食品烟酒类居民消费价格指数,2017,100.1
干鲜瓜果类居民消费价格指数,02-子类,食品烟酒类居民消费价格指数,2017,102.7
鲜瓜果类居民消费价格指数,02-子类,食品烟酒类居民消费价格指数,2017,103.8
糖果糕点类居民消费价格指数,02-子类,食品烟酒类居民消费价格指数,2017,102.1
调味品类居民消费价格指数,02-子类,食品烟酒类居民消费价格指数,2017,102.6
其他食品类居民消费价格指数,02-子类,食品烟酒类居民消费价格指数,2017,100.2
茶及饮料类居民消费价格指数,02-子类,食品烟酒类居民消费价格指数,2017,101.2
烟酒类居民消费价格指数,02-子类,食品烟酒类居民消费价格指数,2017,100.8
在外餐饮类居民消费价格指数,02-子类,食品烟酒类居民消费价格指数,2017,102.2
交通类居民消费价格指数,02-子类,交通和通信类居民消费价格指数,2016,98.6
交通工具类居民消费价格指数,02-子类,交通和通信类居民消费价格指数,2016,98
交通工具用燃料类居民消费价格指数,02-子类,交通和通信类居民消费价格指数,2016,96
交通工具使用和维修类居民消费价格指数,02-子类,交通和通信类居民消费价格指数,2016,101.5
交通费类居民消费价格指数,02-子类,交通和通信类居民消费价格指数,2016,101.2
通信类居民消费价格指数,02-子类,交通和通信类居民消费价格指数,2016,99
其他用品类居民消费价格指数,02-子类,其他用品和服务类居民消费价格指数,2016,103.5
其他服务类居民消费价格指数,02-子类,其他用品和服务类居民消费价格指数,2016,102.2
药品及医疗器具类居民消费价格指数,02-子类,医疗保健类居民消费价格指数,2016,104.3
医疗服务类居民消费价格指数,02-子类,医疗保健类居民消费价格指数,2016,103.5
租赁房房租类居民消费价格指数,02-子类,居住类居民消费价格指数,2016,102.8
住房保养维修及管理类居民消费价格指数,02-子类,居住类居民消费价格指数,2016,101.2
水电燃料类居民消费价格指数,02-子类,居住类居民消费价格指数,2016,99.5
自有住房类居民消费价格指数,02-子类,居住类居民消费价格指数,2016,102.5
教育类居民消费价格指数,02-子类,教育文化和娱乐类居民消费价格指数,2016,102.4
教育用品类居民消费价格指数,02-子类,教育文化和娱乐类居民消费价格指数,2016,101.1
教育服务类居民消费价格指数,02-子类,教育文化和娱乐类居民消费价格指数,2016,102.5
文化娱乐类居民消费价格指数,02-子类,教育文化和娱乐类居民消费价格指数,2016,100.4
文娱耐用消费品类居民消费价格指数,02-子类,教育文化和娱乐类居民消费价格指数,2016,97.3
其他文娱用品类居民消费价格指数,02-子类,教育文化和娱乐类居民消费价格指数,2016,100.8
文化娱乐服务类居民消费价格指数,02-子类,教育文化和娱乐类居民消费价格指数,2016,100.9
旅游类居民消费价格指数,02-子类,教育文化和娱乐类居民消费价格指数,2016,102
家具及室内装饰品类居民消费价格指数,02-子类,生活用品及服务类居民消费价格指数,2016,100.7
家用器具类居民消费价格指数,02-子类,生活用品及服务类居民消费价格指数,2016,98.8
家用纺织品类居民消费价格指数,02-子类,生活用品及服务类居民消费价格指数,2016,100.2
家庭日用杂品类居民消费价格指数,02-子类,生活用品及服务类居民消费价格指数,2016,100.5
个人护理用品类居民消费价格指数,02-子类,生活用品及服务类居民消费价格指数,2016,101
家庭服务类居民消费价格指数,02-子类,生活用品及服务类居民消费价格指数,2016,104.4
服装类居民消费价格指数,02-子类,衣着类居民消费价格指数,2016,101.4
服装材料类居民消费价格指数,02-子类,衣着类居民消费价格指数,2016,101.3
其他衣着及配件类居民消费价格指数,02-子类,衣着类居民消费价格指数,2016,100.8
衣着加工服务费类居民消费价格指数,02-子类,衣着类居民消费价格指数,2016,104
鞋类居民消费价格指数,02-子类,衣着类居民消费价格指数,2016,101.4
食品类居民消费价格指数,02-子类,食品烟酒类居民消费价格指数,2016,104.6
粮食类居民消费价格指数,02-子类,食品烟酒类居民消费价格指数,2016,100.5
薯类居民消费价格指数,02-子类,食品烟酒类居民消费价格指数,2016,111.4
豆类居民消费价格指数,02-子类,食品烟酒类居民消费价格指数,2016,100.9
食用油类居民消费价格指数,02-子类,食品烟酒类居民消费价格指数,2016,101.7
菜类居民消费价格指数,02-子类,食品烟酒类居民消费价格指数,2016,110.9
鲜菜类居民消费价格指数,02-子类,食品烟酒类居民消费价格指数,2016,111.7
畜肉类居民消费价格指数,02-子类,食品烟酒类居民消费价格指数,2016,111
禽肉类居民消费价格指数,02-子类,食品烟酒类居民消费价格指数,2016,101.5
水产品类居民消费价格指数,02-子类,食品烟酒类居民消费价格指数,2016,104.6
蛋类居民消费价格指数,02-子类,食品烟酒类居民消费价格指数,2016,96.8
奶类居民消费价格指数,02-子类,食品烟酒类居民消费价格指数,2016,99.9
干鲜瓜果类居民消费价格指数,02-子类,食品烟酒类居民消费价格指数,2016,98.2
鲜瓜果类居民消费价格指数,02-子类,食品烟酒类居民消费价格指数,2016,97.4
糖果糕点类居民消费价格指数,02-子类,食品烟酒类居民消费价格指数,2016,101
调味品类居民消费价格指数,02-子类,食品烟酒类居民消费价格指数,2016,102.1
其他食品类居民消费价格指数,02-子类,食品烟酒类居民消费价格指数,2016,101.5
茶及饮料类居民消费价格指数,02-子类,食品烟酒类居民消费价格指数,2016,100.4
烟酒类居民消费价格指数,02-子类,食品烟酒类居民消费价格指数,2016,101.5
在外餐饮类居民消费价格指数,02-子类,食品烟酒类居民消费价格指数,2016,102.6
交通类居民消费价格指数,02-子类,交通和通信类居民消费价格指数,2015,97.5
交通工具类居民消费价格指数,02-子类,交通和通信类居民消费价格指数,2015,98.3
车用燃料及零配件类居民消费价格指数,02-子类,交通和通信类居民消费价格指数,2015,84.2
车辆使用及维修费类居民消费价格指数,02-子类,交通和通信类居民消费价格指数,2015,102.7
市区公共交通费类居民消费价格指数,02-子类,交通和通信类居民消费价格指数,2015,104
城市间交通费类居民消费价格指数,02-子类,交通和通信类居民消费价格指数,2015,100.3
通信类居民消费价格指数,02-子类,交通和通信类居民消费价格指数,2015,99.5
通信工具类居民消费价格指数,02-子类,交通和通信类居民消费价格指数,2015,96.9
通信服务类居民消费价格指数,02-子类,交通和通信类居民消费价格指数,2015,99.9
医疗保健类居民消费价格指数,02-子类,医疗保健和个人用品类居民消费价格指数,2015,102.7
医疗器具及用品类居民消费价格指数,02-子类,医疗保健和个人用品类居民消费价格指数,2015,101.1
中药材及中成药类居民消费价格指数,02-子类,医疗保健和个人用品类居民消费价格指数,2015,102.7
西药类居民消费价格指数,02-子类,医疗保健和个人用品类居民消费价格指数,2015,102.3
保健器具及用品类居民消费价格指数,02-子类,医疗保健和个人用品类居民消费价格指数,2015,103.9
医疗保健服务类居民消费价格指数,02-子类,医疗保健和个人用品类居民消费价格指数,2015,102.7
个人用品及服务类居民消费价格指数,02-子类,医疗保健和个人用品类居民消费价格指数,2015,100.6
化妆美容用品类居民消费价格指数,02-子类,医疗保健和个人用品类居民消费价格指数,2015,100.3
清洁化妆用品类居民消费价格指数,02-子类,医疗保健和个人用品类居民消费价格指数,2015,100.8
个人饰品类居民消费价格指数,02-子类,医疗保健和个人用品类居民消费价格指数,2015,95.7
个人服务类居民消费价格指数,02-子类,医疗保健和个人用品类居民消费价格指数,2015,104.3
文娱用耐用消费品及服务类居民消费价格指数,02-子类,娱乐教育文化用品及服务类居民消费价格指数,2015,98.5
教育类居民消费价格指数,02-子类,娱乐教育文化用品及服务类居民消费价格指数,2015,102.7
教材及参考书类居民消费价格指数,02-子类,娱乐教育文化用品及服务类居民消费价格指数,2015,101.2
学杂托幼费类居民消费价格指数,02-子类,娱乐教育文化用品及服务类居民消费价格指数,2015,
文化娱乐类居民消费价格指数,02-子类,娱乐教育文化用品及服务类居民消费价格指数,2015,101.8
文化娱乐用品居民消费价格指数,02-子类,娱乐教育文化用品及服务类居民消费价格指数,2015,100.3
书报杂志类居民消费价格指数,02-子类,娱乐教育文化用品及服务类居民消费价格指数,2015,105.4
文娱费类居民消费价格指数,02-子类,娱乐教育文化用品及服务类居民消费价格指数,2015,101.4
旅游类居民消费价格指数,02-子类,娱乐教育文化用品及服务类居民消费价格指数,2015,99.5
耐用消费品类居民消费价格指数,02-子类,家庭设备用品及维修服务类居民消费价格指数,2015,100
家具类居民消费价格指数,02-子类,家庭设备用品及维修服务类居民消费价格指数,2015,101
家庭设备类居民消费价格指数,02-子类,家庭设备用品及维修服务类居民消费价格指数,2015,99.4
室内装饰品类居民消费价格指数,02-子类,家庭设备用品及维修服务类居民消费价格指数,2015,100.5
床上用品类居民消费价格指数,02-子类,家庭设备用品及维修服务类居民消费价格指数,2015,100.2
家庭日用杂品类居民消费价格指数,02-子类,家庭设备用品及维修服务类居民消费价格指数,2015,100.7
家庭服务及加工维修服务费类居民消费价格指数,02-子类,家庭设备用品及维修服务类居民消费价格指数,2015,106.6
建房及装修材料类居民消费价格指数,02-子类,居住类居民消费价格指数,2015,100
住房租金类居民消费价格指数,02-子类,居住类居民消费价格指数,2015,102.6
自有住房类居民消费价格指数,02-子类,居住类居民消费价格指数,2015,102.1
水电燃料类居民消费价格指数,02-子类,居住类居民消费价格指数,2015,98
烟草类居民消费价格指数,02-子类,烟酒及用品类居民消费价格指数,2015,104.3
酒类居民消费价格指数,02-子类,烟酒及用品类居民消费价格指数,2015,99.2
服装类居民消费价格指数,02-子类,衣着类居民消费价格指数,2015,102.8
衣着材料类居民消费价格指数,02-子类,衣着类居民消费价格指数,2015,101.6
鞋袜帽类居民消费价格指数,02-子类,衣着类居民消费价格指数,2015,102.5
衣着加工服务费类居民消费价格指数,02-子类,衣着类居民消费价格指数,2015,105.2
粮食类居民消费价格指数,02-子类,食品类居民消费价格指数,2015,102
大米类居民消费价格指数,02-子类,食品类居民消费价格指数,2015,101.6
面粉类居民消费价格指数,02-子类,食品类居民消费价格指数,2015,101.4
淀粉及制品类居民消费价格指数,02-子类,食品类居民消费价格指数,2015,101.6
干豆类及豆制品类居民消费价格指数,02-子类,食品类居民消费价格指数,2015,102.4
油脂类居民消费价格指数,02-子类,食品类居民消费价格指数,2015,96.8
肉禽及其制品类居民消费价格指数,02-子类,食品类居民消费价格指数,2015,105
蛋类居民消费价格指数,02-子类,食品类居民消费价格指数,2015,93
水产品类居民消费价格指数,02-子类,食品类居民消费价格指数,2015,101.8
菜类居民消费价格指数,02-子类,食品类居民消费价格指数,2015,106.8
鲜菜类居民消费价格指数,02-子类,食品类居民消费价格指数,2015,107.4
调味品类居民消费价格指数,02-子类,食品类居民消费价格指数,2015,103.8
糖类居民消费价格指数,02-子类,食品类居民消费价格指数,2015,100.4
茶及饮料类居民消费价格指数,02-子类,食品类居民消费价格指数,2015,101.6
茶叶类居民消费价格指数,02-子类,食品类居民消费价格指数,2015,101.7
饮料类居民消费价格指数,02-子类,食品类居民消费价格指数,2015,101.5
干鲜瓜果类居民消费价格指数,02-子类,食品类居民消费价格指数,2015,97.6
鲜果类居民消费价格指数,02-子类,食品类居民消费价格指数,2015,96.2
糕点饼干面包类居民消费价格指数,02-子类,食品类居民消费价格指数,2015,101.5
液体乳及乳制品类居民消费价格指数,02-子类,食品类居民消费价格指数,2015,98.9
在外用膳食品类居民消费价格指数,02-子类,食品类居民消费价格指数,2015,102.7
其它食品类居民消费价格指数,02-子类,食品类居民消费价格指数,2015,101.1
交通类居民消费价格指数,02-子类,交通和通信类居民消费价格指数,2014,100.2
交通工具类居民消费价格指数,02-子类,交通和通信类居民消费价格指数,2014,99.2
车用燃料及零配件类居民消费价格指数,02-子类,交通和通信类居民消费价格指数,2014,98.7
车辆使用及维修费类居民消费价格指数,02-子类,交通和通信类居民消费价格指数,2014,103
市区公共交通费类居民消费价格指数,02-子类,交通和通信类居民消费价格指数,2014,101.2
城市间交通费类居民消费价格指数,02-子类,交通和通信类居民消费价格指数,2014,101.4
通信类居民消费价格指数,02-子类,交通和通信类居民消费价格指数,2014,99.4
通信工具类居民消费价格指数,02-子类,交通和通信类居民消费价格指数,2014,95.7
通信服务类居民消费价格指数,02-子类,交通和通信类居民消费价格指数,2014,99.9
医疗保健类居民消费价格指数,02-子类,医疗保健和个人用品类居民消费价格指数,2014,101.7
医疗器具及用品类居民消费价格指数,02-子类,医疗保健和个人用品类居民消费价格指数,2014,100.6
中药材及中成药类居民消费价格指数,02-子类,医疗保健和个人用品类居民消费价格指数,2014,103
西药类居民消费价格指数,02-子类,医疗保健和个人用品类居民消费价格指数,2014,100.6
保健器具及用品类居民消费价格指数,02-子类,医疗保健和个人用品类居民消费价格指数,2014,103.9
医疗保健服务类居民消费价格指数,02-子类,医疗保健和个人用品类居民消费价格指数,2014,101.2
个人用品及服务类居民消费价格指数,02-子类,医疗保健和个人用品类居民消费价格指数,2014,100.4
化妆美容用品类居民消费价格指数,02-子类,医疗保健和个人用品类居民消费价格指数,2014,100.7
清洁化妆用品类居民消费价格指数,02-子类,医疗保健和个人用品类居民消费价格指数,2014,100.9
个人饰品类居民消费价格指数,02-子类,医疗保健和个人用品类居民消费价格指数,2014,95.3
个人服务类居民消费价格指数,02-子类,医疗保健和个人用品类居民消费价格指数,2014,104.2
文娱用耐用消费品及服务类居民消费价格指数,02-子类,娱乐教育文化用品及服务类居民消费价格指数,2014,97.3
教育类居民消费价格指数,02-子类,娱乐教育文化用品及服务类居民消费价格指数,2014,102.4
教材及参考书类居民消费价格指数,02-子类,娱乐教育文化用品及服务类居民消费价格指数,2014,101.3
学杂托幼费类居民消费价格指数,02-子类,娱乐教育文化用品及服务类居民消费价格指数,2014,
文化娱乐类居民消费价格指数,02-子类,娱乐教育文化用品及服务类居民消费价格指数,2014,101.3
文化娱乐用品居民消费价格指数,02-子类,娱乐教育文化用品及服务类居民消费价格指数,2014,100.3
书报杂志类居民消费价格指数,02-子类,娱乐教育文化用品及服务类居民消费价格指数,2014,101.6
文娱费类居民消费价格指数,02-子类,娱乐教育文化用品及服务类居民消费价格指数,2014,101.8
旅游类居民消费价格指数,02-子类,娱乐教育文化用品及服务类居民消费价格指数,2014,105
耐用消费品类居民消费价格指数,02-子类,家庭设备用品及维修服务类居民消费价格指数,2014,100.3
家具类居民消费价格指数,02-子类,家庭设备用品及维修服务类居民消费价格指数,2014,101.5
家庭设备类居民消费价格指数,02-子类,家庭设备用品及维修服务类居民消费价格指数,2014,99.7
室内装饰品类居民消费价格指数,02-子类,家庭设备用品及维修服务类居民消费价格指数,2014,100
床上用品类居民消费价格指数,02-子类,家庭设备用品及维修服务类居民消费价格指数,2014,100
家庭日用杂品类居民消费价格指数,02-子类,家庭设备用品及维修服务类居民消费价格指数,2014,100.8
家庭服务及加工维修服务费类居民消费价格指数,02-子类,家庭设备用品及维修服务类居民消费价格指数,2014,107.3
建房及装修材料类居民消费价格指数,02-子类,居住类居民消费价格指数,2014,101
住房租金类居民消费价格指数,02-子类,居住类居民消费价格指数,2014,103.3
自有住房类居民消费价格指数,02-子类,居住类居民消费价格指数,2014,103
水电燃料类居民消费价格指数,02-子类,居住类居民消费价格指数,2014,100.7
烟草类居民消费价格指数,02-子类,烟酒及用品类居民消费价格指数,2014,100.2
酒类居民消费价格指数,02-子类,烟酒及用品类居民消费价格指数,2014,98.2
服装类居民消费价格指数,02-子类,衣着类居民消费价格指数,2014,102.6
衣着材料类居民消费价格指数,02-子类,衣着类居民消费价格指数,2014,102.3
鞋袜帽类居民消费价格指数,02-子类,衣着类居民消费价格指数,2014,101.9
衣着加工服务费类居民消费价格指数,02-子类,衣着类居民消费价格指数,2014,105.2
粮食类居民消费价格指数,02-子类,食品类居民消费价格指数,2014,103.1
大米类居民消费价格指数,02-子类,食品类居民消费价格指数,2014,101.2
面粉类居民消费价格指数,02-子类,食品类居民消费价格指数,2014,103.1
淀粉及制品类居民消费价格指数,02-子类,食品类居民消费价格指数,2014,102.2
干豆类及豆制品类居民消费价格指数,02-子类,食品类居民消费价格指数,2014,104
油脂类居民消费价格指数,02-子类,食品类居民消费价格指数,2014,95.1
肉禽及其制品类居民消费价格指数,02-子类,食品类居民消费价格指数,2014,100.4
蛋类居民消费价格指数,02-子类,食品类居民消费价格指数,2014,110.4
水产品类居民消费价格指数,02-子类,食品类居民消费价格指数,2014,104.4
菜类居民消费价格指数,02-子类,食品类居民消费价格指数,2014,99.2
鲜菜类居民消费价格指数,02-子类,食品类居民消费价格指数,2014,98.5
调味品类居民消费价格指数,02-子类,食品类居民消费价格指数,2014,103.1
糖类居民消费价格指数,02-子类,食品类居民消费价格指数,2014,100.1
茶及饮料类居民消费价格指数,02-子类,食品类居民消费价格指数,2014,101.8
茶叶类居民消费价格指数,02-子类,食品类居民消费价格指数,2014,101.9
饮料类居民消费价格指数,02-子类,食品类居民消费价格指数,2014,101.8
干鲜瓜果类居民消费价格指数,02-子类,食品类居民消费价格指数,2014,114.1
鲜果类居民消费价格指数,02-子类,食品类居民消费价格指数,2014,118
糕点饼干面包类居民消费价格指数,02-子类,食品类居民消费价格指数,2014,101.9
液体乳及乳制品类居民消费价格指数,02-子类,食品类居民消费价格指数,2014,108.5
在外用膳食品类居民消费价格指数,02-子类,食品类居民消费价格指数,2014,103.3
其它食品类居民消费价格指数,02-子类,食品类居民消费价格指数,2014,101.6
交通类居民消费价格指数,02-子类,交通和通信类居民消费价格指数,2013,100.2
交通工具类居民消费价格指数,02-子类,交通和通信类居民消费价格指数,2013,98.8
车用燃料及零配件类居民消费价格指数,02-子类,交通和通信类居民消费价格指数,2013,99.4
车辆使用及维修费类居民消费价格指数,02-子类,交通和通信类居民消费价格指数,2013,104
市区公共交通费类居民消费价格指数,02-子类,交通和通信类居民消费价格指数,2013,100.9
城市间交通费类居民消费价格指数,02-子类,交通和通信类居民消费价格指数,2013,101
通信类居民消费价格指数,02-子类,交通和通信类居民消费价格指数,2013,98.8
通信工具类居民消费价格指数,02-子类,交通和通信类居民消费价格指数,2013,91.8
通信服务类居民消费价格指数,02-子类,交通和通信类居民消费价格指数,2013,99.9
医疗保健类居民消费价格指数,02-子类,医疗保健和个人用品类居民消费价格指数,2013,101.5
医疗器具及用品类居民消费价格指数,02-子类,医疗保健和个人用品类居民消费价格指数,2013,100.7
中药材及中成药类居民消费价格指数,02-子类,医疗保健和个人用品类居民消费价格指数,2013,103.3
西药类居民消费价格指数,02-子类,医疗保健和个人用品类居民消费价格指数,2013,100.2
保健器具及用品类居民消费价格指数,02-子类,医疗保健和个人用品类居民消费价格指数,2013,102.1
医疗保健服务类居民消费价格指数,02-子类,医疗保健和个人用品类居民消费价格指数,2013,101.5
个人用品及服务类居民消费价格指数,02-子类,医疗保健和个人用品类居民消费价格指数,2013,101
化妆美容用品类居民消费价格指数,02-子类,医疗保健和个人用品类居民消费价格指数,2013,101
清洁化妆用品类居民消费价格指数,02-子类,医疗保健和个人用品类居民消费价格指数,2013,102
个人饰品类居民消费价格指数,02-子类,医疗保健和个人用品类居民消费价格指数,2013,95.3
个人服务类居民消费价格指数,02-子类,医疗保健和个人用品类居民消费价格指数,2013,105.4
文娱用耐用消费品及服务类居民消费价格指数,02-子类,娱乐教育文化用品及服务类居民消费价格指数,2013,96.3
教育类居民消费价格指数,02-子类,娱乐教育文化用品及服务类居民消费价格指数,2013,102.7
教材及参考书类居民消费价格指数,02-子类,娱乐教育文化用品及服务类居民消费价格指数,2013,102.3
学杂托幼费类居民消费价格指数,02-子类,娱乐教育文化用品及服务类居民消费价格指数,2013,
文化娱乐类居民消费价格指数,02-子类,娱乐教育文化用品及服务类居民消费价格指数,2013,101.4
文化娱乐用品居民消费价格指数,02-子类,娱乐教育文化用品及服务类居民消费价格指数,2013,100.2
书报杂志类居民消费价格指数,02-子类,娱乐教育文化用品及服务类居民消费价格指数,2013,101
文娱费类居民消费价格指数,02-子类,娱乐教育文化用品及服务类居民消费价格指数,2013,102.4
旅游类居民消费价格指数,02-子类,娱乐教育文化用品及服务类居民消费价格指数,2013,104
耐用消费品类居民消费价格指数,02-子类,家庭设备用品及维修服务类居民消费价格指数,2013,100.3
家具类居民消费价格指数,02-子类,家庭设备用品及维修服务类居民消费价格指数,2013,101.2
家庭设备类居民消费价格指数,02-子类,家庭设备用品及维修服务类居民消费价格指数,2013,99.8
室内装饰品类居民消费价格指数,02-子类,家庭设备用品及维修服务类居民消费价格指数,2013,100.4
床上用品类居民消费价格指数,02-子类,家庭设备用品及维修服务类居民消费价格指数,2013,100.5
家庭日用杂品类居民消费价格指数,02-子类,家庭设备用品及维修服务类居民消费价格指数,2013,101.3
家庭服务及加工维修服务费类居民消费价格指数,02-子类,家庭设备用品及维修服务类居民消费价格指数,2013,108.7
建房及装修材料类居民消费价格指数,02-子类,居住类居民消费价格指数,2013,101.2
住房租金类居民消费价格指数,02-子类,居住类居民消费价格指数,2013,104.1
自有住房类居民消费价格指数,02-子类,居住类居民消费价格指数,2013,103.8
水电燃料类居民消费价格指数,02-子类,居住类居民消费价格指数,2013,101.6
烟草类居民消费价格指数,02-子类,烟酒及用品类居民消费价格指数,2013,100.4
酒类居民消费价格指数,02-子类,烟酒及用品类居民消费价格指数,2013,100.3
服装类居民消费价格指数,02-子类,衣着类居民消费价格指数,2013,102.4
衣着材料类居民消费价格指数,02-子类,衣着类居民消费价格指数,2013,102.2
鞋袜帽类居民消费价格指数,02-子类,衣着类居民消费价格指数,2013,101.6
衣着加工服务费类居民消费价格指数,02-子类,衣着类居民消费价格指数,2013,106.8
粮食类居民消费价格指数,02-子类,食品类居民消费价格指数,2013,104.6
大米类居民消费价格指数,02-子类,食品类居民消费价格指数,2013,102.3
面粉类居民消费价格指数,02-子类,食品类居民消费价格指数,2013,108.8
淀粉及制品类居民消费价格指数,02-子类,食品类居民消费价格指数,2013,103.3
干豆类及豆制品类居民消费价格指数,02-子类,食品类居民消费价格指数,2013,105.3
油脂类居民消费价格指数,02-子类,食品类居民消费价格指数,2013,100.3
肉禽及其制品类居民消费价格指数,02-子类,食品类居民消费价格指数,2013,104.3
蛋类居民消费价格指数,02-子类,食品类居民消费价格指数,2013,104.9
水产品类居民消费价格指数,02-子类,食品类居民消费价格指数,2013,104.2
菜类居民消费价格指数,02-子类,食品类居民消费价格指数,2013,108
鲜菜类居民消费价格指数,02-子类,食品类居民消费价格指数,2013,108.1
调味品类居民消费价格指数,02-子类,食品类居民消费价格指数,2013,103.6
糖类居民消费价格指数,02-子类,食品类居民消费价格指数,2013,100.5
茶及饮料类居民消费价格指数,02-子类,食品类居民消费价格指数,2013,102
茶叶类居民消费价格指数,02-子类,食品类居民消费价格指数,2013,102
饮料类居民消费价格指数,02-子类,食品类居民消费价格指数,2013,102
干鲜瓜果类居民消费价格指数,02-子类,食品类居民消费价格指数,2013,105.9
鲜果类居民消费价格指数,02-子类,食品类居民消费价格指数,2013,107.1
糕点饼干面包类居民消费价格指数,02-子类,食品类居民消费价格指数,2013,102.5
液体乳及乳制品类居民消费价格指数,02-子类,食品类居民消费价格指数,2013,105.7
在外用膳食品类居民消费价格指数,02-子类,食品类居民消费价格指数,2013,104.7
其它食品类居民消费价格指数,02-子类,食品类居民消费价格指数,2013,101.4
交通类居民消费价格指数,02-子类,交通和通信类居民消费价格指数,2012,101.2
交通工具类居民消费价格指数,02-子类,交通和通信类居民消费价格指数,2012,99.2
车用燃料及零配件类居民消费价格指数,02-子类,交通和通信类居民消费价格指数,2012,102.9
车辆使用及维修费类居民消费价格指数,02-子类,交通和通信类居民消费价格指数,2012,104.5
市区公共交通费类居民消费价格指数,02-子类,交通和通信类居民消费价格指数,2012,101.4
城市间交通费类居民消费价格指数,02-子类,交通和通信类居民消费价格指数,2012,101.6
通信类居民消费价格指数,02-子类,交通和通信类居民消费价格指数,2012,98
通信工具类居民消费价格指数,02-子类,交通和通信类居民消费价格指数,2012,87.8
通信服务类居民消费价格指数,02-子类,交通和通信类居民消费价格指数,2012,99.9
医疗保健类居民消费价格指数,02-子类,医疗保健和个人用品类居民消费价格指数,2012,101.7
医疗器具及用品类居民消费价格指数,02-子类,医疗保健和个人用品类居民消费价格指数,2012,102.7
中药材及中成药类居民消费价格指数,02-子类,医疗保健和个人用品类居民消费价格指数,2012,105
西药类居民消费价格指数,02-子类,医疗保健和个人用品类居民消费价格指数,2012,100.3
保健器具及用品类居民消费价格指数,02-子类,医疗保健和个人用品类居民消费价格指数,2012,102.5
医疗保健服务类居民消费价格指数,02-子类,医疗保健和个人用品类居民消费价格指数,2012,100.7
个人用品及服务类居民消费价格指数,02-子类,医疗保健和个人用品类居民消费价格指数,2012,102.6
化妆美容用品类居民消费价格指数,02-子类,医疗保健和个人用品类居民消费价格指数,2012,101.3
清洁化妆用品类居民消费价格指数,02-子类,医疗保健和个人用品类居民消费价格指数,2012,103.5
个人饰品类居民消费价格指数,02-子类,医疗保健和个人用品类居民消费价格指数,2012,100.2
个人服务类居民消费价格指数,02-子类,医疗保健和个人用品类居民消费价格指数,2012,105.3
文娱用耐用消费品及服务类居民消费价格指数,02-子类,娱乐教育文化用品及服务类居民消费价格指数,2012,94.5
教育类居民消费价格指数,02-子类,娱乐教育文化用品及服务类居民消费价格指数,2012,101.7
教材及参考书类居民消费价格指数,02-子类,娱乐教育文化用品及服务类居民消费价格指数,2012,101.7
学杂托幼费类居民消费价格指数,02-子类,娱乐教育文化用品及服务类居民消费价格指数,2012,
文化娱乐类居民消费价格指数,02-子类,娱乐教育文化用品及服务类居民消费价格指数,2012,101.3
文化娱乐用品居民消费价格指数,02-子类,娱乐教育文化用品及服务类居民消费价格指数,2012,100.4
书报杂志类居民消费价格指数,02-子类,娱乐教育文化用品及服务类居民消费价格指数,2012,101.4
文娱费类居民消费价格指数,02-子类,娱乐教育文化用品及服务类居民消费价格指数,2012,101.9
旅游类居民消费价格指数,02-子类,娱乐教育文化用品及服务类居民消费价格指数,2012,101.7
耐用消费品类居民消费价格指数,02-子类,家庭设备用品及维修服务类居民消费价格指数,2012,100.4
家具类居民消费价格指数,02-子类,家庭设备用品及维修服务类居民消费价格指数,2012,101.3
家庭设备类居民消费价格指数,02-子类,家庭设备用品及维修服务类居民消费价格指数,2012,99.9
室内装饰品类居民消费价格指数,02-子类,家庭设备用品及维修服务类居民消费价格指数,2012,100.8
床上用品类居民消费价格指数,02-子类,家庭设备用品及维修服务类居民消费价格指数,2012,100.4
家庭日用杂品类居民消费价格指数,02-子类,家庭设备用品及维修服务类居民消费价格指数,2012,102.6
家庭服务及加工维修服务费类居民消费价格指数,02-子类,家庭设备用品及维修服务类居民消费价格指数,2012,109.7
建房及装修材料类居民消费价格指数,02-子类,居住类居民消费价格指数,2012,101
住房租金类居民消费价格指数,02-子类,居住类居民消费价格指数,2012,102.7
自有住房类居民消费价格指数,02-子类,居住类居民消费价格指数,2012,102.3
水电燃料类居民消费价格指数,02-子类,居住类居民消费价格指数,2012,102.4
烟草类居民消费价格指数,02-子类,烟酒及用品类居民消费价格指数,2012,100.5
酒类居民消费价格指数,02-子类,烟酒及用品类居民消费价格指数,2012,106.3
服装类居民消费价格指数,02-子类,衣着类居民消费价格指数,2012,103.3
衣着材料类居民消费价格指数,02-子类,衣着类居民消费价格指数,2012,103.5
鞋袜帽类居民消费价格指数,02-子类,衣着类居民消费价格指数,2012,102.3
衣着加工服务费类居民消费价格指数,02-子类,衣着类居民消费价格指数,2012,107.1
粮食类居民消费价格指数,02-子类,食品类居民消费价格指数,2012,104
大米类居民消费价格指数,02-子类,食品类居民消费价格指数,2012,104
面粉类居民消费价格指数,02-子类,食品类居民消费价格指数,2012,102.6
淀粉及制品类居民消费价格指数,02-子类,食品类居民消费价格指数,2012,103.2
干豆类及豆制品类居民消费价格指数,02-子类,食品类居民消费价格指数,2012,102
油脂类居民消费价格指数,02-子类,食品类居民消费价格指数,2012,105.1
肉禽及其制品类居民消费价格指数,02-子类,食品类居民消费价格指数,2012,102.1
蛋类居民消费价格指数,02-子类,食品类居民消费价格指数,2012,97.1
水产品类居民消费价格指数,02-子类,食品类居民消费价格指数,2012,108
菜类居民消费价格指数,02-子类,食品类居民消费价格指数,2012,113.7
鲜菜类居民消费价格指数,02-子类,食品类居民消费价格指数,2012,115.9
调味品类居民消费价格指数,02-子类,食品类居民消费价格指数,2012,104.2
糖类居民消费价格指数,02-子类,食品类居民消费价格指数,2012,104.2
茶及饮料类居民消费价格指数,02-子类,食品类居民消费价格指数,2012,104.2
茶叶类居民消费价格指数,02-子类,食品类居民消费价格指数,2012,103.3
饮料类居民消费价格指数,02-子类,食品类居民消费价格指数,2012,104.6
干鲜瓜果类居民消费价格指数,02-子类,食品类居民消费价格指数,2012,100.1
鲜果类居民消费价格指数,02-子类,食品类居民消费价格指数,2012,98.8
糕点饼干面包类居民消费价格指数,02-子类,食品类居民消费价格指数,2012,104.3
液体乳及乳制品类居民消费价格指数,02-子类,食品类居民消费价格指数,2012,103.2
在外用膳食品类居民消费价格指数,02-子类,食品类居民消费价格指数,2012,106.7
其它食品类居民消费价格指数,02-子类,食品类居民消费价格指数,2012,104.2
交通类居民消费价格指数,02-子类,交通和通信类居民消费价格指数,2011,102.6
交通工具类居民消费价格指数,02-子类,交通和通信类居民消费价格指数,2011,99
车用燃料及零配件类居民消费价格指数,02-子类,交通和通信类居民消费价格指数,2011,111.7
车辆使用及维修费类居民消费价格指数,02-子类,交通和通信类居民消费价格指数,2011,103.8
市区公共交通费类居民消费价格指数,02-子类,交通和通信类居民消费价格指数,2011,101.7
城市间交通费类居民消费价格指数,02-子类,交通和通信类居民消费价格指数,2011,102.7
通信类居民消费价格指数,02-子类,交通和通信类居民消费价格指数,2011,97.5
通信工具类居民消费价格指数,02-子类,交通和通信类居民消费价格指数,2011,87
通信服务类居民消费价格指数,02-子类,交通和通信类居民消费价格指数,2011,99.8
医疗保健类居民消费价格指数,02-子类,医疗保健和个人用品类居民消费价格指数,2011,102.9
医疗器具及用品类居民消费价格指数,02-子类,医疗保健和个人用品类居民消费价格指数,2011,101.9
中药材及中成药类居民消费价格指数,02-子类,医疗保健和个人用品类居民消费价格指数,2011,111.9
西药类居民消费价格指数,02-子类,医疗保健和个人用品类居民消费价格指数,2011,99.7
保健器具及用品类居民消费价格指数,02-子类,医疗保健和个人用品类居民消费价格指数,2011,104.4
医疗保健服务类居民消费价格指数,02-子类,医疗保健和个人用品类居民消费价格指数,2011,100.6
个人用品及服务类居民消费价格指数,02-子类,医疗保健和个人用品类居民消费价格指数,2011,104.4
化妆美容用品类居民消费价格指数,02-子类,医疗保健和个人用品类居民消费价格指数,2011,101
清洁化妆用品类居民消费价格指数,02-子类,医疗保健和个人用品类居民消费价格指数,2011,101.8
个人饰品类居民消费价格指数,02-子类,医疗保健和个人用品类居民消费价格指数,2011,108.8
个人服务类居民消费价格指数,02-子类,医疗保健和个人用品类居民消费价格指数,2011,104.9
文娱用耐用消费品及服务类居民消费价格指数,02-子类,娱乐教育文化用品及服务类居民消费价格指数,2011,93.7
教育类居民消费价格指数,02-子类,娱乐教育文化用品及服务类居民消费价格指数,2011,101.3
教材及参考书类居民消费价格指数,02-子类,娱乐教育文化用品及服务类居民消费价格指数,2011,101.1
学杂托幼费类居民消费价格指数,02-子类,娱乐教育文化用品及服务类居民消费价格指数,2011,
文化娱乐类居民消费价格指数,02-子类,娱乐教育文化用品及服务类居民消费价格指数,2011,101.1
文化娱乐用品居民消费价格指数,02-子类,娱乐教育文化用品及服务类居民消费价格指数,2011,100.6
书报杂志类居民消费价格指数,02-子类,娱乐教育文化用品及服务类居民消费价格指数,2011,101
文娱费类居民消费价格指数,02-子类,娱乐教育文化用品及服务类居民消费价格指数,2011,101.5
旅游类居民消费价格指数,02-子类,娱乐教育文化用品及服务类居民消费价格指数,2011,103.8
耐用消费品类居民消费价格指数,02-子类,家庭设备用品及维修服务类居民消费价格指数,2011,100.4
家具类居民消费价格指数,02-子类,家庭设备用品及维修服务类居民消费价格指数,2011,102.4
家庭设备类居民消费价格指数,02-子类,家庭设备用品及维修服务类居民消费价格指数,2011,99.3
室内装饰品类居民消费价格指数,02-子类,家庭设备用品及维修服务类居民消费价格指数,2011,101
床上用品类居民消费价格指数,02-子类,家庭设备用品及维修服务类居民消费价格指数,2011,104.7
家庭日用杂品类居民消费价格指数,02-子类,家庭设备用品及维修服务类居民消费价格指数,2011,102.5
家庭服务及加工维修服务费类居民消费价格指数,02-子类,家庭设备用品及维修服务类居民消费价格指数,2011,111.4
建房及装修材料类居民消费价格指数,02-子类,居住类居民消费价格指数,2011,104.7
住房租金类居民消费价格指数,02-子类,居住类居民消费价格指数,2011,105.3
自有住房类居民消费价格指数,02-子类,居住类居民消费价格指数,2011,106.5
水电燃料类居民消费价格指数,02-子类,居住类居民消费价格指数,2011,103.5
烟草类居民消费价格指数,02-子类,烟酒及用品类居民消费价格指数,2011,100.3
酒类居民消费价格指数,02-子类,烟酒及用品类居民消费价格指数,2011,106.7
服装类居民消费价格指数,02-子类,衣着类居民消费价格指数,2011,102.4
衣着材料类居民消费价格指数,02-子类,衣着类居民消费价格指数,2011,109.2
鞋袜帽类居民消费价格指数,02-子类,衣着类居民消费价格指数,2011,100.7
衣着加工服务费类居民消费价格指数,02-子类,衣着类居民消费价格指数,2011,107.3
粮食类居民消费价格指数,02-子类,食品类居民消费价格指数,2011,112.2
大米类居民消费价格指数,02-子类,食品类居民消费价格指数,2011,114.2
面粉类居民消费价格指数,02-子类,食品类居民消费价格指数,2011,109.4
淀粉及制品类居民消费价格指数,02-子类,食品类居民消费价格指数,2011,115.9
干豆类及豆制品类居民消费价格指数,02-子类,食品类居民消费价格指数,2011,105.4
油脂类居民消费价格指数,02-子类,食品类居民消费价格指数,2011,113.4
肉禽及其制品类居民消费价格指数,02-子类,食品类居民消费价格指数,2011,122.6
蛋类居民消费价格指数,02-子类,食品类居民消费价格指数,2011,114.2
水产品类居民消费价格指数,02-子类,食品类居民消费价格指数,2011,112.1
菜类居民消费价格指数,02-子类,食品类居民消费价格指数,2011,101.1
鲜菜类居民消费价格指数,02-子类,食品类居民消费价格指数,2011,100.5
调味品类居民消费价格指数,02-子类,食品类居民消费价格指数,2011,105.5
糖类居民消费价格指数,02-子类,食品类居民消费价格指数,2011,111.2
茶及饮料类居民消费价格指数,02-子类,食品类居民消费价格指数,2011,104
茶叶类居民消费价格指数,02-子类,食品类居民消费价格指数,2011,103.9
饮料类居民消费价格指数,02-子类,食品类居民消费价格指数,2011,104
干鲜瓜果类居民消费价格指数,02-子类,食品类居民消费价格指数,2011,115.9
鲜果类居民消费价格指数,02-子类,食品类居民消费价格指数,2011,116.4
糕点饼干面包类居民消费价格指数,02-子类,食品类居民消费价格指数,2011,108.1
液体乳及乳制品类居民消费价格指数,02-子类,食品类居民消费价格指数,2011,105.1
在外用膳食品类居民消费价格指数,02-子类,食品类居民消费价格指数,2011,108.2
其它食品类居民消费价格指数,02-子类,食品类居民消费价格指数,2011,105.7
交通类居民消费价格指数,02-子类,交通和通信类居民消费价格指数,2010,101.7
交通工具类居民消费价格指数,02-子类,交通和通信类居民消费价格指数,2010,98.7
车用燃料及零配件类居民消费价格指数,02-子类,交通和通信类居民消费价格指数,2010,111.5
车辆使用及维修费类居民消费价格指数,02-子类,交通和通信类居民消费价格指数,2010,101.7
市区公共交通费类居民消费价格指数,02-子类,交通和通信类居民消费价格指数,2010,100.7
城市间交通费类居民消费价格指数,02-子类,交通和通信类居民消费价格指数,2010,101.7
通信类居民消费价格指数,02-子类,交通和通信类居民消费价格指数,2010,97.3
通信工具类居民消费价格指数,02-子类,交通和通信类居民消费价格指数,2010,86.5
通信服务类居民消费价格指数,02-子类,交通和通信类居民消费价格指数,2010,99.7
医疗保健类居民消费价格指数,02-子类,医疗保健和个人用品类居民消费价格指数,2010,103.3
医疗器具及用品类居民消费价格指数,02-子类,医疗保健和个人用品类居民消费价格指数,2010,105
中药材及中成药类居民消费价格指数,02-子类,医疗保健和个人用品类居民消费价格指数,2010,111.2
西药类居民消费价格指数,02-子类,医疗保健和个人用品类居民消费价格指数,2010,101
保健器具及用品类居民消费价格指数,02-子类,医疗保健和个人用品类居民消费价格指数,2010,101.6
医疗保健服务类居民消费价格指数,02-子类,医疗保健和个人用品类居民消费价格指数,2010,100.9
个人用品及服务类居民消费价格指数,02-子类,医疗保健和个人用品类居民消费价格指数,2010,103
化妆美容用品类居民消费价格指数,02-子类,医疗保健和个人用品类居民消费价格指数,2010,100.5
清洁化妆用品类居民消费价格指数,02-子类,医疗保健和个人用品类居民消费价格指数,2010,100.4
个人饰品类居民消费价格指数,02-子类,医疗保健和个人用品类居民消费价格指数,2010,108.4
个人服务类居民消费价格指数,02-子类,医疗保健和个人用品类居民消费价格指数,2010,102.8
文娱用耐用消费品及服务类居民消费价格指数,02-子类,娱乐教育文化用品及服务类居民消费价格指数,2010,94.3
教育类居民消费价格指数,02-子类,娱乐教育文化用品及服务类居民消费价格指数,2010,101.4
教材及参考书类居民消费价格指数,02-子类,娱乐教育文化用品及服务类居民消费价格指数,2010,102.6
学杂托幼费类居民消费价格指数,02-子类,娱乐教育文化用品及服务类居民消费价格指数,2010,101.3
文化娱乐类居民消费价格指数,02-子类,娱乐教育文化用品及服务类居民消费价格指数,2010,101
文化娱乐用品居民消费价格指数,02-子类,娱乐教育文化用品及服务类居民消费价格指数,2010,99.7
书报杂志类居民消费价格指数,02-子类,娱乐教育文化用品及服务类居民消费价格指数,2010,100.6
文娱费类居民消费价格指数,02-子类,娱乐教育文化用品及服务类居民消费价格指数,2010,102.3
旅游类居民消费价格指数,02-子类,娱乐教育文化用品及服务类居民消费价格指数,2010,104.9
耐用消费品类居民消费价格指数,02-子类,家庭设备用品及维修服务类居民消费价格指数,2010,98.5
家具类居民消费价格指数,02-子类,家庭设备用品及维修服务类居民消费价格指数,2010,100.4
家庭设备类居民消费价格指数,02-子类,家庭设备用品及维修服务类居民消费价格指数,2010,97.4
室内装饰品类居民消费价格指数,02-子类,家庭设备用品及维修服务类居民消费价格指数,2010,99.9
床上用品类居民消费价格指数,02-子类,家庭设备用品及维修服务类居民消费价格指数,2010,99.9
家庭日用杂品类居民消费价格指数,02-子类,家庭设备用品及维修服务类居民消费价格指数,2010,100.3
家庭服务及加工维修服务费类居民消费价格指数,02-子类,家庭设备用品及维修服务类居民消费价格指数,2010,106.7
建房及装修材料类居民消费价格指数,02-子类,居住类居民消费价格指数,2010,103.3
住房租金类居民消费价格指数,02-子类,居住类居民消费价格指数,2010,104.9
自有住房类居民消费价格指数,02-子类,居住类居民消费价格指数,2010,103.6
水电燃料类居民消费价格指数,02-子类,居住类居民消费价格指数,2010,105.5
烟草类居民消费价格指数,02-子类,烟酒及用品类居民消费价格指数,2010,100.5
酒类居民消费价格指数,02-子类,烟酒及用品类居民消费价格指数,2010,103.6
服装类居民消费价格指数,02-子类,衣着类居民消费价格指数,2010,99.1
衣着材料类居民消费价格指数,02-子类,衣着类居民消费价格指数,2010,103
鞋袜帽类居民消费价格指数,02-子类,衣着类居民消费价格指数,2010,98.2
衣着加工服务费类居民消费价格指数,02-子类,衣着类居民消费价格指数,2010,102.9
粮食类居民消费价格指数,02-子类,食品类居民消费价格指数,2010,111.8
大米类居民消费价格指数,02-子类,食品类居民消费价格指数,2010,116.2
面粉类居民消费价格指数,02-子类,食品类居民消费价格指数,2010,107.5
淀粉及制品类居民消费价格指数,02-子类,食品类居民消费价格指数,2010,108.2
干豆类及豆制品类居民消费价格指数,02-子类,食品类居民消费价格指数,2010,109.2
油脂类居民消费价格指数,02-子类,食品类居民消费价格指数,2010,103.8
肉禽及其制品类居民消费价格指数,02-子类,食品类居民消费价格指数,2010,102.9
蛋类居民消费价格指数,02-子类,食品类居民消费价格指数,2010,108.3
水产品类居民消费价格指数,02-子类,食品类居民消费价格指数,2010,108.1
菜类居民消费价格指数,02-子类,食品类居民消费价格指数,2010,118.5
鲜菜类居民消费价格指数,02-子类,食品类居民消费价格指数,2010,118.7
调味品类居民消费价格指数,02-子类,食品类居民消费价格指数,2010,104.1
糖类居民消费价格指数,02-子类,食品类居民消费价格指数,2010,108.3
茶及饮料类居民消费价格指数,02-子类,食品类居民消费价格指数,2010,101.3
茶叶类居民消费价格指数,02-子类,食品类居民消费价格指数,2010,102.6
饮料类居民消费价格指数,02-子类,食品类居民消费价格指数,2010,100.7
干鲜瓜果类居民消费价格指数,02-子类,食品类居民消费价格指数,2010,114.6
鲜果类居民消费价格指数,02-子类,食品类居民消费价格指数,2010,115.6
糕点饼干面包类居民消费价格指数,02-子类,食品类居民消费价格指数,2010,102.4
液体乳及乳制品类居民消费价格指数,02-子类,食品类居民消费价格指数,2010,102.8
在外用膳食品类居民消费价格指数,02-子类,食品类居民消费价格指数,2010,103.6
其它食品类居民消费价格指数,02-子类,食品类居民消费价格指数,2010,101.7
交通类居民消费价格指数,02-子类,交通和通信类居民消费价格指数,2009,98.6
交通工具类居民消费价格指数,02-子类,交通和通信类居民消费价格指数,2009,98
车用燃料及零配件类居民消费价格指数,02-子类,交通和通信类居民消费价格指数,2009,92.8
车辆使用及维修费类居民消费价格指数,02-子类,交通和通信类居民消费价格指数,2009,101.1
市区公共交通费类居民消费价格指数,02-子类,交通和通信类居民消费价格指数,2009,100.6
城市间交通费类居民消费价格指数,02-子类,交通和通信类居民消费价格指数,2009,100.5
通信类居民消费价格指数,02-子类,交通和通信类居民消费价格指数,2009,96.3
通信工具类居民消费价格指数,02-子类,交通和通信类居民消费价格指数,2009,81.7
通信服务类居民消费价格指数,02-子类,交通和通信类居民消费价格指数,2009,99.5
医疗保健类居民消费价格指数,02-子类,医疗保健和个人用品类居民消费价格指数,2009,101.4
医疗器具及用品类居民消费价格指数,02-子类,医疗保健和个人用品类居民消费价格指数,2009,101.6
中药材及中成药类居民消费价格指数,02-子类,医疗保健和个人用品类居民消费价格指数,2009,102.6
西药类居民消费价格指数,02-子类,医疗保健和个人用品类居民消费价格指数,2009,101
保健器具及用品类居民消费价格指数,02-子类,医疗保健和个人用品类居民消费价格指数,2009,101.1
医疗保健服务类居民消费价格指数,02-子类,医疗保健和个人用品类居民消费价格指数,2009,101
个人用品及服务类居民消费价格指数,02-子类,医疗保健和个人用品类居民消费价格指数,2009,100.8
化妆美容用品类居民消费价格指数,02-子类,医疗保健和个人用品类居民消费价格指数,2009,100.8
清洁化妆用品类居民消费价格指数,02-子类,医疗保健和个人用品类居民消费价格指数,2009,102.1
个人饰品类居民消费价格指数,02-子类,医疗保健和个人用品类居民消费价格指数,2009,96.3
个人服务类居民消费价格指数,02-子类,医疗保健和个人用品类居民消费价格指数,2009,103.8
文娱用耐用消费品及服务类居民消费价格指数,02-子类,娱乐教育文化用品及服务类居民消费价格指数,2009,90.6
教育类居民消费价格指数,02-子类,娱乐教育文化用品及服务类居民消费价格指数,2009,101.6
教材及参考书类居民消费价格指数,02-子类,娱乐教育文化用品及服务类居民消费价格指数,2009,102.9
学杂托幼费类居民消费价格指数,02-子类,娱乐教育文化用品及服务类居民消费价格指数,2009,101.4
文化娱乐类居民消费价格指数,02-子类,娱乐教育文化用品及服务类居民消费价格指数,2009,102.5
文化娱乐用品居民消费价格指数,02-子类,娱乐教育文化用品及服务类居民消费价格指数,2009,99.8
书报杂志类居民消费价格指数,02-子类,娱乐教育文化用品及服务类居民消费价格指数,2009,107.6
文娱费类居民消费价格指数,02-子类,娱乐教育文化用品及服务类居民消费价格指数,2009,102.1
旅游类居民消费价格指数,02-子类,娱乐教育文化用品及服务类居民消费价格指数,2009,97.5
耐用消费品类居民消费价格指数,02-子类,家庭设备用品及维修服务类居民消费价格指数,2009,98.1
家具类居民消费价格指数,02-子类,家庭设备用品及维修服务类居民消费价格指数,2009,99.7
家庭设备类居民消费价格指数,02-子类,家庭设备用品及维修服务类居民消费价格指数,2009,97.3
室内装饰品类居民消费价格指数,02-子类,家庭设备用品及维修服务类居民消费价格指数,2009,99.7
床上用品类居民消费价格指数,02-子类,家庭设备用品及维修服务类居民消费价格指数,2009,98.8
家庭日用杂品类居民消费价格指数,02-子类,家庭设备用品及维修服务类居民消费价格指数,2009,102.5
家庭服务及加工维修服务费类居民消费价格指数,02-子类,家庭设备用品及维修服务类居民消费价格指数,2009,105.2
建房及装修材料类居民消费价格指数,02-子类,居住类居民消费价格指数,2009,100.2
住房租金类居民消费价格指数,02-子类,居住类居民消费价格指数,2009,101.6
自有住房类居民消费价格指数,02-子类,居住类居民消费价格指数,2009,85.3
水电燃料类居民消费价格指数,02-子类,居住类居民消费价格指数,2009,97.9
烟草类居民消费价格指数,02-子类,烟酒及用品类居民消费价格指数,2009,100.4
酒类居民消费价格指数,02-子类,烟酒及用品类居民消费价格指数,2009,103.4
服装类居民消费价格指数,02-子类,衣着类居民消费价格指数,2009,97.8
衣着材料类居民消费价格指数,02-子类,衣着类居民消费价格指数,2009,100.9
鞋袜帽类居民消费价格指数,02-子类,衣着类居民消费价格指数,2009,97.8
衣着加工服务费类居民消费价格指数,02-子类,衣着类居民消费价格指数,2009,103.5
粮食类居民消费价格指数,02-子类,食品类居民消费价格指数,2009,105.6
大米类居民消费价格指数,02-子类,食品类居民消费价格指数,2009,106
面粉类居民消费价格指数,02-子类,食品类居民消费价格指数,2009,107.2
淀粉及制品类居民消费价格指数,02-子类,食品类居民消费价格指数,2009,103.4
干豆类及豆制品类居民消费价格指数,02-子类,食品类居民消费价格指数,2009,98.3
油脂类居民消费价格指数,02-子类,食品类居民消费价格指数,2009,81.7
肉禽及其制品类居民消费价格指数,02-子类,食品类居民消费价格指数,2009,91.3
蛋类居民消费价格指数,02-子类,食品类居民消费价格指数,2009,101.6
水产品类居民消费价格指数,02-子类,食品类居民消费价格指数,2009,102.5
菜类居民消费价格指数,02-子类,食品类居民消费价格指数,2009,113.6
鲜菜类居民消费价格指数,02-子类,食品类居民消费价格指数,2009,115.4
调味品类居民消费价格指数,02-子类,食品类居民消费价格指数,2009,103.4
糖类居民消费价格指数,02-子类,食品类居民消费价格指数,2009,102.5
茶及饮料类居民消费价格指数,02-子类,食品类居民消费价格指数,2009,101.8
茶叶类居民消费价格指数,02-子类,食品类居民消费价格指数,2009,101.4
饮料类居民消费价格指数,02-子类,食品类居民消费价格指数,2009,102
干鲜瓜果类居民消费价格指数,02-子类,食品类居民消费价格指数,2009,107.1
鲜果类居民消费价格指数,02-子类,食品类居民消费价格指数,2009,109.1
糕点饼干面包类居民消费价格指数,02-子类,食品类居民消费价格指数,2009,102.9
液体乳及乳制品类居民消费价格指数,02-子类,食品类居民消费价格指数,2009,101.5
在外用膳食品类居民消费价格指数,02-子类,食品类居民消费价格指数,2009,102.7
其它食品类居民消费价格指数,02-子类,食品类居民消费价格指数,2009,101.7
交通类居民消费价格指数,02-子类,交通和通信类居民消费价格指数,2008,102.2
交通工具类居民消费价格指数,02-子类,交通和通信类居民消费价格指数,2008,98.4
车用燃料及零配件类居民消费价格指数,02-子类,交通和通信类居民消费价格指数,2008,113.5
车辆使用及维修费类居民消费价格指数,02-子类,交通和通信类居民消费价格指数,2008,100.8
市区公共交通费类居民消费价格指数,02-子类,交通和通信类居民消费价格指数,2008,100.5
城市间交通费类居民消费价格指数,02-子类,交通和通信类居民消费价格指数,2008,104.3
通信类居民消费价格指数,02-子类,交通和通信类居民消费价格指数,2008,95.6
通信工具类居民消费价格指数,02-子类,交通和通信类居民消费价格指数,2008,80.7
通信服务类居民消费价格指数,02-子类,交通和通信类居民消费价格指数,2008,98.8
医疗保健类居民消费价格指数,02-子类,医疗保健和个人用品类居民消费价格指数,2008,102.2
医疗器具及用品类居民消费价格指数,02-子类,医疗保健和个人用品类居民消费价格指数,2008,99.7
中药材及中成药类居民消费价格指数,02-子类,医疗保健和个人用品类居民消费价格指数,2008,106.8
西药类居民消费价格指数,02-子类,医疗保健和个人用品类居民消费价格指数,2008,101.1
保健器具及用品类居民消费价格指数,02-子类,医疗保健和个人用品类居民消费价格指数,2008,102.1
医疗保健服务类居民消费价格指数,02-子类,医疗保健和个人用品类居民消费价格指数,2008,100.5
个人用品及服务类居民消费价格指数,02-子类,医疗保健和个人用品类居民消费价格指数,2008,104.4
化妆美容用品类居民消费价格指数,02-子类,医疗保健和个人用品类居民消费价格指数,2008,100.6
清洁化妆用品类居民消费价格指数,02-子类,医疗保健和个人用品类居民消费价格指数,2008,101.7
个人饰品类居民消费价格指数,02-子类,医疗保健和个人用品类居民消费价格指数,2008,109.7
个人服务类居民消费价格指数,02-子类,医疗保健和个人用品类居民消费价格指数,2008,105
文娱用耐用消费品及服务类居民消费价格指数,02-子类,娱乐教育文化用品及服务类居民消费价格指数,2008,92.3
教育类居民消费价格指数,02-子类,娱乐教育文化用品及服务类居民消费价格指数,2008,100.5
教材及参考书类居民消费价格指数,02-子类,娱乐教育文化用品及服务类居民消费价格指数,2008,100.6
学杂托幼费类居民消费价格指数,02-子类,娱乐教育文化用品及服务类居民消费价格指数,2008,100.5
文化娱乐类居民消费价格指数,02-子类,娱乐教育文化用品及服务类居民消费价格指数,2008,101.3
文化娱乐用品居民消费价格指数,02-子类,娱乐教育文化用品及服务类居民消费价格指数,2008,99.9
书报杂志类居民消费价格指数,02-子类,娱乐教育文化用品及服务类居民消费价格指数,2008,102.1
文娱费类居民消费价格指数,02-子类,娱乐教育文化用品及服务类居民消费价格指数,2008,102.1
旅游类居民消费价格指数,02-子类,娱乐教育文化用品及服务类居民消费价格指数,2008,101.1
耐用消费品类居民消费价格指数,02-子类,家庭设备用品及维修服务类居民消费价格指数,2008,101.2
家具类居民消费价格指数,02-子类,家庭设备用品及维修服务类居民消费价格指数,2008,102.3
家庭设备类居民消费价格指数,02-子类,家庭设备用品及维修服务类居民消费价格指数,2008,100.7
室内装饰品类居民消费价格指数,02-子类,家庭设备用品及维修服务类居民消费价格指数,2008,100.2
床上用品类居民消费价格指数,02-子类,家庭设备用品及维修服务类居民消费价格指数,2008,99.7
家庭日用杂品类居民消费价格指数,02-子类,家庭设备用品及维修服务类居民消费价格指数,2008,104.9
家庭服务及加工维修服务费类居民消费价格指数,02-子类,家庭设备用品及维修服务类居民消费价格指数,2008,109
建房及装修材料类居民消费价格指数,02-子类,居住类居民消费价格指数,2008,107.1
住房租金类居民消费价格指数,02-子类,居住类居民消费价格指数,2008,103.5
自有住房类居民消费价格指数,02-子类,居住类居民消费价格指数,2008,102.8
水电燃料类居民消费价格指数,02-子类,居住类居民消费价格指数,2008,106.4
烟草类居民消费价格指数,02-子类,烟酒及用品类居民消费价格指数,2008,100.4
酒类居民消费价格指数,02-子类,烟酒及用品类居民消费价格指数,2008,107.5
服装类居民消费价格指数,02-子类,衣着类居民消费价格指数,2008,98.3
衣着材料类居民消费价格指数,02-子类,衣着类居民消费价格指数,2008,102.4
鞋袜帽类居民消费价格指数,02-子类,衣着类居民消费价格指数,2008,98.2
衣着加工服务费类居民消费价格指数,02-子类,衣着类居民消费价格指数,2008,104.1
粮食类居民消费价格指数,02-子类,食品类居民消费价格指数,2008,107
大米类居民消费价格指数,02-子类,食品类居民消费价格指数,2008,104.3
面粉类居民消费价格指数,02-子类,食品类居民消费价格指数,2008,106.1
淀粉及制品类居民消费价格指数,02-子类,食品类居民消费价格指数,2008,111.2
干豆类及豆制品类居民消费价格指数,02-子类,食品类居民消费价格指数,2008,134.4
油脂类居民消费价格指数,02-子类,食品类居民消费价格指数,2008,125.4
肉禽及其制品类居民消费价格指数,02-子类,食品类居民消费价格指数,2008,121.7
蛋类居民消费价格指数,02-子类,食品类居民消费价格指数,2008,104.3
水产品类居民消费价格指数,02-子类,食品类居民消费价格指数,2008,114.2
菜类居民消费价格指数,02-子类,食品类居民消费价格指数,2008,111
鲜菜类居民消费价格指数,02-子类,食品类居民消费价格指数,2008,110.7
调味品类居民消费价格指数,02-子类,食品类居民消费价格指数,2008,105.5
糖类居民消费价格指数,02-子类,食品类居民消费价格指数,2008,104
茶及饮料类居民消费价格指数,02-子类,食品类居民消费价格指数,2008,103.7
茶叶类居民消费价格指数,02-子类,食品类居民消费价格指数,2008,102.2
饮料类居民消费价格指数,02-子类,食品类居民消费价格指数,2008,104.4
干鲜瓜果类居民消费价格指数,02-子类,食品类居民消费价格指数,2008,110.8
鲜果类居民消费价格指数,02-子类,食品类居民消费价格指数,2008,109
糕点饼干面包类居民消费价格指数,02-子类,食品类居民消费价格指数,2008,109.2
液体乳及乳制品类居民消费价格指数,02-子类,食品类居民消费价格指数,2008,117
在外用膳食品类居民消费价格指数,02-子类,食品类居民消费价格指数,2008,111.8
其它食品类居民消费价格指数,02-子类,食品类居民消费价格指数,2008,108.4
交通类居民消费价格指数,02-子类,交通和通信类居民消费价格指数,2007,100.8
交通工具类居民消费价格指数,02-子类,交通和通信类居民消费价格指数,2007,97.7
车用燃料及零配件类居民消费价格指数,02-子类,交通和通信类居民消费价格指数,2007,103.5
车辆使用及维修费类居民消费价格指数,02-子类,交通和通信类居民消费价格指数,2007,102.4
市区公共交通费类居民消费价格指数,02-子类,交通和通信类居民消费价格指数,2007,101.3
城市间交通费类居民消费价格指数,02-子类,交通和通信类居民消费价格指数,2007,103
通信类居民消费价格指数,02-子类,交通和通信类居民消费价格指数,2007,97.1
通信工具类居民消费价格指数,02-子类,交通和通信类居民消费价格指数,2007,81.8
通信服务类居民消费价格指数,02-子类,交通和通信类居民消费价格指数,2007,100.6
医疗保健类居民消费价格指数,02-子类,医疗保健和个人用品类居民消费价格指数,2007,102.1
医疗器具及用品类居民消费价格指数,02-子类,医疗保健和个人用品类居民消费价格指数,2007,98.2
中药材及中成药类居民消费价格指数,02-子类,医疗保健和个人用品类居民消费价格指数,2007,107.9
西药类居民消费价格指数,02-子类,医疗保健和个人用品类居民消费价格指数,2007,99.1
保健器具及用品类居民消费价格指数,02-子类,医疗保健和个人用品类居民消费价格指数,2007,101.1
医疗保健服务类居民消费价格指数,02-子类,医疗保健和个人用品类居民消费价格指数,2007,102.2
个人用品及服务类居民消费价格指数,02-子类,医疗保健和个人用品类居民消费价格指数,2007,102.1
化妆美容用品类居民消费价格指数,02-子类,医疗保健和个人用品类居民消费价格指数,2007,100.1
清洁化妆用品类居民消费价格指数,02-子类,医疗保健和个人用品类居民消费价格指数,2007,100.3
个人饰品类居民消费价格指数,02-子类,医疗保健和个人用品类居民消费价格指数,2007,104.5
个人服务类居民消费价格指数,02-子类,医疗保健和个人用品类居民消费价格指数,2007,103.1
文娱用耐用消费品及服务类居民消费价格指数,02-子类,娱乐教育文化用品及服务类居民消费价格指数,2007,93.1
教育类居民消费价格指数,02-子类,娱乐教育文化用品及服务类居民消费价格指数,2007,99.6
教材及参考书类居民消费价格指数,02-子类,娱乐教育文化用品及服务类居民消费价格指数,2007,99.1
学杂托幼费类居民消费价格指数,02-子类,娱乐教育文化用品及服务类居民消费价格指数,2007,99.6
文化娱乐类居民消费价格指数,02-子类,娱乐教育文化用品及服务类居民消费价格指数,2007,101
文化娱乐用品居民消费价格指数,02-子类,娱乐教育文化用品及服务类居民消费价格指数,2007,99.5
书报杂志类居民消费价格指数,02-子类,娱乐教育文化用品及服务类居民消费价格指数,2007,100.7
文娱费类居民消费价格指数,02-子类,娱乐教育文化用品及服务类居民消费价格指数,2007,102.7
旅游类居民消费价格指数,02-子类,娱乐教育文化用品及服务类居民消费价格指数,2007,102.3
耐用消费品类居民消费价格指数,02-子类,家庭设备用品及维修服务类居民消费价格指数,2007,101.6
家具类居民消费价格指数,02-子类,家庭设备用品及维修服务类居民消费价格指数,2007,101.9
家庭设备类居民消费价格指数,02-子类,家庭设备用品及维修服务类居民消费价格指数,2007,101.4
室内装饰品类居民消费价格指数,02-子类,家庭设备用品及维修服务类居民消费价格指数,2007,100.3
床上用品类居民消费价格指数,02-子类,家庭设备用品及维修服务类居民消费价格指数,2007,99.4
家庭日用杂品类居民消费价格指数,02-子类,家庭设备用品及维修服务类居民消费价格指数,2007,101.7
家庭服务及加工维修服务费类居民消费价格指数,02-子类,家庭设备用品及维修服务类居民消费价格指数,2007,107.2
建房及装修材料类居民消费价格指数,02-子类,居住类居民消费价格指数,2007,105.1
住房租金类居民消费价格指数,02-子类,居住类居民消费价格指数,2007,104.2
自有住房类居民消费价格指数,02-子类,居住类居民消费价格指数,2007,107
水电燃料类居民消费价格指数,02-子类,居住类居民消费价格指数,2007,103
烟草类居民消费价格指数,02-子类,烟酒及用品类居民消费价格指数,2007,100.8
酒类居民消费价格指数,02-子类,烟酒及用品类居民消费价格指数,2007,103.5
服装类居民消费价格指数,02-子类,衣着类居民消费价格指数,2007,99.4
衣着材料类居民消费价格指数,02-子类,衣着类居民消费价格指数,2007,101.6
鞋袜帽类居民消费价格指数,02-子类,衣着类居民消费价格指数,2007,99
衣着加工服务费类居民消费价格指数,02-子类,衣着类居民消费价格指数,2007,102.3
粮食类居民消费价格指数,02-子类,食品类居民消费价格指数,2007,106.3
大米类居民消费价格指数,02-子类,食品类居民消费价格指数,2007,105.4
面粉类居民消费价格指数,02-子类,食品类居民消费价格指数,2007,107.3
淀粉及制品类居民消费价格指数,02-子类,食品类居民消费价格指数,2007,106.2
干豆类及豆制品类居民消费价格指数,02-子类,食品类居民消费价格指数,2007,108
油脂类居民消费价格指数,02-子类,食品类居民消费价格指数,2007,126.7
肉禽及其制品类居民消费价格指数,02-子类,食品类居民消费价格指数,2007,131.7
蛋类居民消费价格指数,02-子类,食品类居民消费价格指数,2007,121.8
水产品类居民消费价格指数,02-子类,食品类居民消费价格指数,2007,105.1
菜类居民消费价格指数,02-子类,食品类居民消费价格指数,2007,107.9
鲜菜类居民消费价格指数,02-子类,食品类居民消费价格指数,2007,107.3
调味品类居民消费价格指数,02-子类,食品类居民消费价格指数,2007,104.1
糖类居民消费价格指数,02-子类,食品类居民消费价格指数,2007,101.6
茶及饮料类居民消费价格指数,02-子类,食品类居民消费价格指数,2007,101.5
茶叶类居民消费价格指数,02-子类,食品类居民消费价格指数,2007,103.3
饮料类居民消费价格指数,02-子类,食品类居民消费价格指数,2007,100.7
干鲜瓜果类居民消费价格指数,02-子类,食品类居民消费价格指数,2007,102.2
鲜果类居民消费价格指数,02-子类,食品类居民消费价格指数,2007,100.1
糕点饼干面包类居民消费价格指数,02-子类,食品类居民消费价格指数,2007,103.6
液体乳及乳制品类居民消费价格指数,02-子类,食品类居民消费价格指数,2007,102.7
在外用膳食品类居民消费价格指数,02-子类,食品类居民消费价格指数,2007,107.3
其它食品类居民消费价格指数,02-子类,食品类居民消费价格指数,2007,104.2
交通类居民消费价格指数,02-子类,交通和通信类居民消费价格指数,2006,103.2
交通工具类居民消费价格指数,02-子类,交通和通信类居民消费价格指数,2006,97.8
车用燃料及零配件类居民消费价格指数,02-子类,交通和通信类居民消费价格指数,2006,112.8
车辆使用及维修费类居民消费价格指数,02-子类,交通和通信类居民消费价格指数,2006,102.4
市区公共交通费类居民消费价格指数,02-子类,交通和通信类居民消费价格指数,2006,104.8
城市间交通费类居民消费价格指数,02-子类,交通和通信类居民消费价格指数,2006,105.6
通信类居民消费价格指数,02-子类,交通和通信类居民消费价格指数,2006,96.4
通信工具类居民消费价格指数,02-子类,交通和通信类居民消费价格指数,2006,82.2
通信服务类居民消费价格指数,02-子类,交通和通信类居民消费价格指数,2006,100
医疗保健类居民消费价格指数,02-子类,医疗保健和个人用品类居民消费价格指数,2006,100.2
医疗器具及用品类居民消费价格指数,02-子类,医疗保健和个人用品类居民消费价格指数,2006,97.2
中药材及中成药类居民消费价格指数,02-子类,医疗保健和个人用品类居民消费价格指数,2006,99.9
西药类居民消费价格指数,02-子类,医疗保健和个人用品类居民消费价格指数,2006,98.4
保健器具及用品类居民消费价格指数,02-子类,医疗保健和个人用品类居民消费价格指数,2006,100.3
医疗保健服务类居民消费价格指数,02-子类,医疗保健和个人用品类居民消费价格指数,2006,103
个人用品及服务类居民消费价格指数,02-子类,医疗保健和个人用品类居民消费价格指数,2006,103.2
化妆美容用品类居民消费价格指数,02-子类,医疗保健和个人用品类居民消费价格指数,2006,99.7
清洁化妆用品类居民消费价格指数,02-子类,医疗保健和个人用品类居民消费价格指数,2006,99.9
个人饰品类居民消费价格指数,02-子类,医疗保健和个人用品类居民消费价格指数,2006,110.8
个人服务类居民消费价格指数,02-子类,医疗保健和个人用品类居民消费价格指数,2006,102.5
文娱用耐用消费品及服务类居民消费价格指数,02-子类,娱乐教育文化用品及服务类居民消费价格指数,2006,94.2
教育类居民消费价格指数,02-子类,娱乐教育文化用品及服务类居民消费价格指数,2006,100
教材及参考书类居民消费价格指数,02-子类,娱乐教育文化用品及服务类居民消费价格指数,2006,100.3
学杂托幼费类居民消费价格指数,02-子类,娱乐教育文化用品及服务类居民消费价格指数,2006,100
文化娱乐类居民消费价格指数,02-子类,娱乐教育文化用品及服务类居民消费价格指数,2006,101
文化娱乐用品居民消费价格指数,02-子类,娱乐教育文化用品及服务类居民消费价格指数,2006,99.6
书报杂志类居民消费价格指数,02-子类,娱乐教育文化用品及服务类居民消费价格指数,2006,100.7
文娱费类居民消费价格指数,02-子类,娱乐教育文化用品及服务类居民消费价格指数,2006,102.6
旅游类居民消费价格指数,02-子类,娱乐教育文化用品及服务类居民消费价格指数,2006,103.1
耐用消费品类居民消费价格指数,02-子类,家庭设备用品及维修服务类居民消费价格指数,2006,100.8
家具类居民消费价格指数,02-子类,家庭设备用品及维修服务类居民消费价格指数,2006,100.2
家庭设备类居民消费价格指数,02-子类,家庭设备用品及维修服务类居民消费价格指数,2006,101.2
室内装饰品类居民消费价格指数,02-子类,家庭设备用品及维修服务类居民消费价格指数,2006,100
床上用品类居民消费价格指数,02-子类,家庭设备用品及维修服务类居民消费价格指数,2006,99.6
家庭日用杂品类居民消费价格指数,02-子类,家庭设备用品及维修服务类居民消费价格指数,2006,101.1
家庭服务及加工维修服务费类居民消费价格指数,02-子类,家庭设备用品及维修服务类居民消费价格指数,2006,105.8
建房及装修材料类居民消费价格指数,02-子类,居住类居民消费价格指数,2006,103.9
住房租金类居民消费价格指数,02-子类,居住类居民消费价格指数,2006,102.7
自有住房类居民消费价格指数,02-子类,居住类居民消费价格指数,2006,103.7
水电燃料类居民消费价格指数,02-子类,居住类居民消费价格指数,2006,105.9
烟草类居民消费价格指数,02-子类,烟酒及用品类居民消费价格指数,2006,100.2
酒类居民消费价格指数,02-子类,烟酒及用品类居民消费价格指数,2006,101.2
服装类居民消费价格指数,02-子类,衣着类居民消费价格指数,2006,99
衣着材料类居民消费价格指数,02-子类,衣着类居民消费价格指数,2006,100.5
鞋袜帽类居民消费价格指数,02-子类,衣着类居民消费价格指数,2006,100.2
衣着加工服务费类居民消费价格指数,02-子类,衣着类居民消费价格指数,2006,101.5
粮食类居民消费价格指数,02-子类,食品类居民消费价格指数,2006,102.7
大米类居民消费价格指数,02-子类,食品类居民消费价格指数,2006,104.3
面粉类居民消费价格指数,02-子类,食品类居民消费价格指数,2006,99.7
淀粉及制品类居民消费价格指数,02-子类,食品类居民消费价格指数,2006,101.8
干豆类及豆制品类居民消费价格指数,02-子类,食品类居民消费价格指数,2006,100.8
油脂类居民消费价格指数,02-子类,食品类居民消费价格指数,2006,98.6
肉禽及其制品类居民消费价格指数,02-子类,食品类居民消费价格指数,2006,97.1
蛋类居民消费价格指数,02-子类,食品类居民消费价格指数,2006,96
水产品类居民消费价格指数,02-子类,食品类居民消费价格指数,2006,101.2
菜类居民消费价格指数,02-子类,食品类居民消费价格指数,2006,108.2
鲜菜类居民消费价格指数,02-子类,食品类居民消费价格指数,2006,108.2
调味品类居民消费价格指数,02-子类,食品类居民消费价格指数,2006,102.3
糖类居民消费价格指数,02-子类,食品类居民消费价格指数,2006,111.2
茶及饮料类居民消费价格指数,02-子类,食品类居民消费价格指数,2006,101
茶叶类居民消费价格指数,02-子类,食品类居民消费价格指数,2006,101.2
饮料类居民消费价格指数,02-子类,食品类居民消费价格指数,2006,100.9
干鲜瓜果类居民消费价格指数,02-子类,食品类居民消费价格指数,2006,117.9
鲜果类居民消费价格指数,02-子类,食品类居民消费价格指数,2006,121.5
糕点饼干面包类居民消费价格指数,02-子类,食品类居民消费价格指数,2006,101.3
液体乳及乳制品类居民消费价格指数,02-子类,食品类居民消费价格指数,2006,100.9
在外用膳食品类居民消费价格指数,02-子类,食品类居民消费价格指数,2006,101.6
其它食品类居民消费价格指数,02-子类,食品类居民消费价格指数,2006,101.2
交通类居民消费价格指数,02-子类,交通和通信类居民消费价格指数,2005,101.5
交通工具类居民消费价格指数,02-子类,交通和通信类居民消费价格指数,2005,97.3
车用燃料及零配件类居民消费价格指数,02-子类,交通和通信类居民消费价格指数,2005,110.3
车辆使用及维修费类居民消费价格指数,02-子类,交通和通信类居民消费价格指数,2005,102
市区公共交通费类居民消费价格指数,02-子类,交通和通信类居民消费价格指数,2005,102.2
城市间交通费类居民消费价格指数,02-子类,交通和通信类居民消费价格指数,2005,103.3
通信类居民消费价格指数,02-子类,交通和通信类居民消费价格指数,2005,96.6
通信工具类居民消费价格指数,02-子类,交通和通信类居民消费价格指数,2005,84.1
通信服务类居民消费价格指数,02-子类,交通和通信类居民消费价格指数,2005,99.6
医疗保健类居民消费价格指数,02-子类,医疗保健和个人用品类居民消费价格指数,2005,99.5
医疗器具及用品类居民消费价格指数,02-子类,医疗保健和个人用品类居民消费价格指数,2005,97.4
中药材及中成药类居民消费价格指数,02-子类,医疗保健和个人用品类居民消费价格指数,2005,96.5
西药类居民消费价格指数,02-子类,医疗保健和个人用品类居民消费价格指数,2005,97.7
保健器具及用品类居民消费价格指数,02-子类,医疗保健和个人用品类居民消费价格指数,2005,100
医疗保健服务类居民消费价格指数,02-子类,医疗保健和个人用品类居民消费价格指数,2005,105.2
个人用品及服务类居民消费价格指数,02-子类,医疗保健和个人用品类居民消费价格指数,2005,100.8
化妆美容用品类居民消费价格指数,02-子类,医疗保健和个人用品类居民消费价格指数,2005,99.4
清洁化妆用品类居民消费价格指数,02-子类,医疗保健和个人用品类居民消费价格指数,2005,99.4
个人饰品类居民消费价格指数,02-子类,医疗保健和个人用品类居民消费价格指数,2005,101.6
个人服务类居民消费价格指数,02-子类,医疗保健和个人用品类居民消费价格指数,2005,101.9
文娱用耐用消费品及服务类居民消费价格指数,02-子类,娱乐教育文化用品及服务类居民消费价格指数,2005,93.8
教育类居民消费价格指数,02-子类,娱乐教育文化用品及服务类居民消费价格指数,2005,105.1
教材及参考书类居民消费价格指数,02-子类,娱乐教育文化用品及服务类居民消费价格指数,2005,100.9
学杂托幼费类居民消费价格指数,02-子类,娱乐教育文化用品及服务类居民消费价格指数,2005,105.4
文化娱乐类居民消费价格指数,02-子类,娱乐教育文化用品及服务类居民消费价格指数,2005,101.2
文化娱乐用品居民消费价格指数,02-子类,娱乐教育文化用品及服务类居民消费价格指数,2005,99.8
书报杂志类居民消费价格指数,02-子类,娱乐教育文化用品及服务类居民消费价格指数,2005,100.8
文娱费类居民消费价格指数,02-子类,娱乐教育文化用品及服务类居民消费价格指数,2005,102.9
旅游类居民消费价格指数,02-子类,娱乐教育文化用品及服务类居民消费价格指数,2005,99.6
耐用消费品类居民消费价格指数,02-子类,家庭设备用品及维修服务类居民消费价格指数,2005,98.8
家具类居民消费价格指数,02-子类,家庭设备用品及维修服务类居民消费价格指数,2005,99.2
家庭设备类居民消费价格指数,02-子类,家庭设备用品及维修服务类居民消费价格指数,2005,98.5
室内装饰品类居民消费价格指数,02-子类,家庭设备用品及维修服务类居民消费价格指数,2005,99.5
床上用品类居民消费价格指数,02-子类,家庭设备用品及维修服务类居民消费价格指数,2005,99.4
家庭日用杂品类居民消费价格指数,02-子类,家庭设备用品及维修服务类居民消费价格指数,2005,100.4
家庭服务及加工维修服务费类居民消费价格指数,02-子类,家庭设备用品及维修服务类居民消费价格指数,2005,104.4
建房及装修材料类居民消费价格指数,02-子类,居住类居民消费价格指数,2005,102.6
住房租金类居民消费价格指数,02-子类,居住类居民消费价格指数,2005,101.9
自有住房类居民消费价格指数,02-子类,居住类居民消费价格指数,2005,105.6
水电燃料类居民消费价格指数,02-子类,居住类居民消费价格指数,2005,108.6
烟草类居民消费价格指数,02-子类,烟酒及用品类居民消费价格指数,2005,100.4
酒类居民消费价格指数,02-子类,烟酒及用品类居民消费价格指数,2005,100.6
服装类居民消费价格指数,02-子类,衣着类居民消费价格指数,2005,98.1
衣着材料类居民消费价格指数,02-子类,衣着类居民消费价格指数,2005,100
鞋袜帽类居民消费价格指数,02-子类,衣着类居民消费价格指数,2005,98.3
衣着加工服务费类居民消费价格指数,02-子类,衣着类居民消费价格指数,2005,101.1
粮食类居民消费价格指数,02-子类,食品类居民消费价格指数,2005,101.4
大米类居民消费价格指数,02-子类,食品类居民消费价格指数,2005,101.2
面粉类居民消费价格指数,02-子类,食品类居民消费价格指数,2005,100.2
淀粉及制品类居民消费价格指数,02-子类,食品类居民消费价格指数,2005,105.5
干豆类及豆制品类居民消费价格指数,02-子类,食品类居民消费价格指数,2005,102.4
油脂类居民消费价格指数,02-子类,食品类居民消费价格指数,2005,94.3
肉禽及其制品类居民消费价格指数,02-子类,食品类居民消费价格指数,2005,102.5
蛋类居民消费价格指数,02-子类,食品类居民消费价格指数,2005,104.6
水产品类居民消费价格指数,02-子类,食品类居民消费价格指数,2005,105.9
菜类居民消费价格指数,02-子类,食品类居民消费价格指数,2005,109.1
鲜菜类居民消费价格指数,02-子类,食品类居民消费价格指数,2005,110.4
调味品类居民消费价格指数,02-子类,食品类居民消费价格指数,2005,101.4
糖类居民消费价格指数,02-子类,食品类居民消费价格指数,2005,104
茶及饮料类居民消费价格指数,02-子类,食品类居民消费价格指数,2005,100.1
茶叶类居民消费价格指数,02-子类,食品类居民消费价格指数,2005,100.8
饮料类居民消费价格指数,02-子类,食品类居民消费价格指数,2005,99.8
干鲜瓜果类居民消费价格指数,02-子类,食品类居民消费价格指数,2005,102.2
鲜果类居民消费价格指数,02-子类,食品类居民消费价格指数,2005,101.6
糕点饼干面包类居民消费价格指数,02-子类,食品类居民消费价格指数,2005,100.9
液体乳及乳制品类居民消费价格指数,02-子类,食品类居民消费价格指数,2005,100.9
在外用膳食品类居民消费价格指数,02-子类,食品类居民消费价格指数,2005,102.4
其它食品类居民消费价格指数,02-子类,食品类居民消费价格指数,2005,101.3
交通类居民消费价格指数,02-子类,交通和通信类居民消费价格指数,2004,100.4
交通工具类居民消费价格指数,02-子类,交通和通信类居民消费价格指数,2004,96.5
车用燃料及零配件类居民消费价格指数,02-子类,交通和通信类居民消费价格指数,2004,107.7
车辆使用及维修费类居民消费价格指数,02-子类,交通和通信类居民消费价格指数,2004,101
市区公共交通费类居民消费价格指数,02-子类,交通和通信类居民消费价格指数,2004,101
城市间交通费类居民消费价格指数,02-子类,交通和通信类居民消费价格指数,2004,102.5
通信类居民消费价格指数,02-子类,交通和通信类居民消费价格指数,2004,96.8
通信工具类居民消费价格指数,02-子类,交通和通信类居民消费价格指数,2004,84.3
通信服务类居民消费价格指数,02-子类,交通和通信类居民消费价格指数,2004,99.8
医疗保健类居民消费价格指数,02-子类,医疗保健和个人用品类居民消费价格指数,2004,99.1
医疗器具及用品类居民消费价格指数,02-子类,医疗保健和个人用品类居民消费价格指数,2004,102.3
中药材及中成药类居民消费价格指数,02-子类,医疗保健和个人用品类居民消费价格指数,2004,98.9
西药类居民消费价格指数,02-子类,医疗保健和个人用品类居民消费价格指数,2004,94.9
保健器具及用品类居民消费价格指数,02-子类,医疗保健和个人用品类居民消费价格指数,2004,98.6
医疗保健服务类居民消费价格指数,02-子类,医疗保健和个人用品类居民消费价格指数,2004,105.2
个人用品及服务类居民消费价格指数,02-子类,医疗保健和个人用品类居民消费价格指数,2004,101.2
化妆美容用品类居民消费价格指数,02-子类,医疗保健和个人用品类居民消费价格指数,2004,98.8
清洁化妆用品类居民消费价格指数,02-子类,医疗保健和个人用品类居民消费价格指数,2004,98.4
个人饰品类居民消费价格指数,02-子类,医疗保健和个人用品类居民消费价格指数,2004,104.5
个人服务类居民消费价格指数,02-子类,医疗保健和个人用品类居民消费价格指数,2004,101.8
文娱用耐用消费品及服务类居民消费价格指数,02-子类,娱乐教育文化用品及服务类居民消费价格指数,2004,93.3
教育类居民消费价格指数,02-子类,娱乐教育文化用品及服务类居民消费价格指数,2004,103.4
教材及参考书类居民消费价格指数,02-子类,娱乐教育文化用品及服务类居民消费价格指数,2004,102.8
学杂托幼费类居民消费价格指数,02-子类,娱乐教育文化用品及服务类居民消费价格指数,2004,103.4
文化娱乐类居民消费价格指数,02-子类,娱乐教育文化用品及服务类居民消费价格指数,2004,101.1
文化娱乐用品居民消费价格指数,02-子类,娱乐教育文化用品及服务类居民消费价格指数,2004,99.4
书报杂志类居民消费价格指数,02-子类,娱乐教育文化用品及服务类居民消费价格指数,2004,100.6
文娱费类居民消费价格指数,02-子类,娱乐教育文化用品及服务类居民消费价格指数,2004,103.2
旅游类居民消费价格指数,02-子类,娱乐教育文化用品及服务类居民消费价格指数,2004,100.6
耐用消费品类居民消费价格指数,02-子类,家庭设备用品及维修服务类居民消费价格指数,2004,97.1
家具类居民消费价格指数,02-子类,家庭设备用品及维修服务类居民消费价格指数,2004,98.9
家庭设备类居民消费价格指数,02-子类,家庭设备用品及维修服务类居民消费价格指数,2004,96.1
室内装饰品类居民消费价格指数,02-子类,家庭设备用品及维修服务类居民消费价格指数,2004,99.2
床上用品类居民消费价格指数,02-子类,家庭设备用品及维修服务类居民消费价格指数,2004,99.3
家庭日用杂品类居民消费价格指数,02-子类,家庭设备用品及维修服务类居民消费价格指数,2004,99.8
家庭服务及加工维修服务费类居民消费价格指数,02-子类,家庭设备用品及维修服务类居民消费价格指数,2004,101.9
建房及装修材料类居民消费价格指数,02-子类,居住类居民消费价格指数,2004,104.3
住房租金类居民消费价格指数,02-子类,居住类居民消费价格指数,2004,103
自有住房类居民消费价格指数,02-子类,居住类居民消费价格指数,2004,100.9
水电燃料类居民消费价格指数,02-子类,居住类居民消费价格指数,2004,107.5
烟草类居民消费价格指数,02-子类,烟酒及用品类居民消费价格指数,2004,100.9
酒类居民消费价格指数,02-子类,烟酒及用品类居民消费价格指数,2004,102.2
服装类居民消费价格指数,02-子类,衣着类居民消费价格指数,2004,98.3
衣着材料类居民消费价格指数,02-子类,衣着类居民消费价格指数,2004,100.2
鞋袜帽类居民消费价格指数,02-子类,衣着类居民消费价格指数,2004,98.3
衣着加工服务费类居民消费价格指数,02-子类,衣着类居民消费价格指数,2004,100.7
粮食类居民消费价格指数,02-子类,食品类居民消费价格指数,2004,126.4
大米类居民消费价格指数,02-子类,食品类居民消费价格指数,2004,133.2
面粉类居民消费价格指数,02-子类,食品类居民消费价格指数,2004,124.1
淀粉及制品类居民消费价格指数,02-子类,食品类居民消费价格指数,2004,106.8
干豆类及豆制品类居民消费价格指数,02-子类,食品类居民消费价格指数,2004,120.5
油脂类居民消费价格指数,02-子类,食品类居民消费价格指数,2004,118.2
肉禽及其制品类居民消费价格指数,02-子类,食品类居民消费价格指数,2004,117.6
蛋类居民消费价格指数,02-子类,食品类居民消费价格指数,2004,120.2
水产品类居民消费价格指数,02-子类,食品类居民消费价格指数,2004,112.7
菜类居民消费价格指数,02-子类,食品类居民消费价格指数,2004,95.1
鲜菜类居民消费价格指数,02-子类,食品类居民消费价格指数,2004,93.9
调味品类居民消费价格指数,02-子类,食品类居民消费价格指数,2004,101.5
糖类居民消费价格指数,02-子类,食品类居民消费价格指数,2004,102.2
茶及饮料类居民消费价格指数,02-子类,食品类居民消费价格指数,2004,100
茶叶类居民消费价格指数,02-子类,食品类居民消费价格指数,2004,101.1
饮料类居民消费价格指数,02-子类,食品类居民消费价格指数,2004,99.5
干鲜瓜果类居民消费价格指数,02-子类,食品类居民消费价格指数,2004,104
鲜果类居民消费价格指数,02-子类,食品类居民消费价格指数,2004,102.2
糕点饼干面包类居民消费价格指数,02-子类,食品类居民消费价格指数,2004,101.6
液体乳及乳制品类居民消费价格指数,02-子类,食品类居民消费价格指数,2004,100.5
在外用膳食品类居民消费价格指数,02-子类,食品类居民消费价格指数,2004,104.1
其它食品类居民消费价格指数,02-子类,食品类居民消费价格指数,2004,101.2
交通类居民消费价格指数,02-子类,交通和通信类居民消费价格指数,2003,99.5
交通工具类居民消费价格指数,02-子类,交通和通信类居民消费价格指数,2003,95.9
车用燃料及零配件类居民消费价格指数,02-子类,交通和通信类居民消费价格指数,2003,108.3
车辆使用及维修费类居民消费价格指数,02-子类,交通和通信类居民消费价格指数,2003,98.9
市区公共交通费类居民消费价格指数,02-子类,交通和通信类居民消费价格指数,2003,100.6
城市间交通费类居民消费价格指数,02-子类,交通和通信类居民消费价格指数,2003,101.4
通信类居民消费价格指数,02-子类,交通和通信类居民消费价格指数,2003,96.1
通信工具类居民消费价格指数,02-子类,交通和通信类居民消费价格指数,2003,82.1
通信服务类居民消费价格指数,02-子类,交通和通信类居民消费价格指数,2003,99.4
医疗保健类居民消费价格指数,02-子类,医疗保健和个人用品类居民消费价格指数,2003,101.2
医疗器具及用品类居民消费价格指数,02-子类,医疗保健和个人用品类居民消费价格指数,2003,101
中药材及中成药类居民消费价格指数,02-子类,医疗保健和个人用品类居民消费价格指数,2003,105
西药类居民消费价格指数,02-子类,医疗保健和个人用品类居民消费价格指数,2003,94.5
保健器具及用品类居民消费价格指数,02-子类,医疗保健和个人用品类居民消费价格指数,2003,98.2
医疗保健服务类居民消费价格指数,02-子类,医疗保健和个人用品类居民消费价格指数,2003,108.9
个人用品及服务类居民消费价格指数,02-子类,医疗保健和个人用品类居民消费价格指数,2003,100.2
化妆美容用品类居民消费价格指数,02-子类,医疗保健和个人用品类居民消费价格指数,2003,99.5
清洁化妆用品类居民消费价格指数,02-子类,医疗保健和个人用品类居民消费价格指数,2003,97.1
个人饰品类居民消费价格指数,02-子类,医疗保健和个人用品类居民消费价格指数,2003,102.9
个人服务类居民消费价格指数,02-子类,医疗保健和个人用品类居民消费价格指数,2003,100.8
文娱用耐用消费品及服务类居民消费价格指数,02-子类,娱乐教育文化用品及服务类居民消费价格指数,2003,92.7
教育类居民消费价格指数,02-子类,娱乐教育文化用品及服务类居民消费价格指数,2003,104.3
教材及参考书类居民消费价格指数,02-子类,娱乐教育文化用品及服务类居民消费价格指数,2003,101.7
学杂托幼费类居民消费价格指数,02-子类,娱乐教育文化用品及服务类居民消费价格指数,2003,104.5
文化娱乐类居民消费价格指数,02-子类,娱乐教育文化用品及服务类居民消费价格指数,2003,101.3
文化娱乐用品居民消费价格指数,02-子类,娱乐教育文化用品及服务类居民消费价格指数,2003,98.7
书报杂志类居民消费价格指数,02-子类,娱乐教育文化用品及服务类居民消费价格指数,2003,100.4
文娱费类居民消费价格指数,02-子类,娱乐教育文化用品及服务类居民消费价格指数,2003,104.6
旅游类居民消费价格指数,02-子类,娱乐教育文化用品及服务类居民消费价格指数,2003,95.4
耐用消费品类居民消费价格指数,02-子类,家庭设备用品及维修服务类居民消费价格指数,2003,95.8
家具类居民消费价格指数,02-子类,家庭设备用品及维修服务类居民消费价格指数,2003,97.9
家庭设备类居民消费价格指数,02-子类,家庭设备用品及维修服务类居民消费价格指数,2003,94.6
室内装饰品类居民消费价格指数,02-子类,家庭设备用品及维修服务类居民消费价格指数,2003,98.8
床上用品类居民消费价格指数,02-子类,家庭设备用品及维修服务类居民消费价格指数,2003,98.4
家庭日用杂品类居民消费价格指数,02-子类,家庭设备用品及维修服务类居民消费价格指数,2003,98.3
家庭服务及加工维修服务费类居民消费价格指数,02-子类,家庭设备用品及维修服务类居民消费价格指数,2003,101.1
建房及装修材料类居民消费价格指数,02-子类,居住类居民消费价格指数,2003,99.5
住房租金类居民消费价格指数,02-子类,居住类居民消费价格指数,2003,103.5
自有住房类居民消费价格指数,02-子类,居住类居民消费价格指数,2003,99.1
水电燃料类居民消费价格指数,02-子类,居住类居民消费价格指数,2003,105.7
烟草类居民消费价格指数,02-子类,烟酒及用品类居民消费价格指数,2003,99.8
酒类居民消费价格指数,02-子类,烟酒及用品类居民消费价格指数,2003,100.1
服装类居民消费价格指数,02-子类,衣着类居民消费价格指数,2003,97.6
衣着材料类居民消费价格指数,02-子类,衣着类居民消费价格指数,2003,99.2
鞋袜帽类居民消费价格指数,02-子类,衣着类居民消费价格指数,2003,97.7
衣着加工服务费类居民消费价格指数,02-子类,衣着类居民消费价格指数,2003,100.1
粮食类居民消费价格指数,02-子类,食品类居民消费价格指数,2003,102.3
大米类居民消费价格指数,02-子类,食品类居民消费价格指数,2003,103.1
面粉类居民消费价格指数,02-子类,食品类居民消费价格指数,2003,101.8
淀粉及制品类居民消费价格指数,02-子类,食品类居民消费价格指数,2003,100.6
干豆类及豆制品类居民消费价格指数,02-子类,食品类居民消费价格指数,2003,106.5
油脂类居民消费价格指数,02-子类,食品类居民消费价格指数,2003,112.6
肉禽及其制品类居民消费价格指数,02-子类,食品类居民消费价格指数,2003,103.3
蛋类居民消费价格指数,02-子类,食品类居民消费价格指数,2003,98.6
水产品类居民消费价格指数,02-子类,食品类居民消费价格指数,2003,100.3
菜类居民消费价格指数,02-子类,食品类居民消费价格指数,2003,117.7
鲜菜类居民消费价格指数,02-子类,食品类居民消费价格指数,2003,120.5
调味品类居民消费价格指数,02-子类,食品类居民消费价格指数,2003,100.1
糖类居民消费价格指数,02-子类,食品类居民消费价格指数,2003,97.5
茶及饮料类居民消费价格指数,02-子类,食品类居民消费价格指数,2003,99.2
茶叶类居民消费价格指数,02-子类,食品类居民消费价格指数,2003,99.7
饮料类居民消费价格指数,02-子类,食品类居民消费价格指数,2003,98.9
干鲜瓜果类居民消费价格指数,02-子类,食品类居民消费价格指数,2003,103
鲜果类居民消费价格指数,02-子类,食品类居民消费价格指数,2003,101.8
糕点饼干面包类居民消费价格指数,02-子类,食品类居民消费价格指数,2003,99.3
液体乳及乳制品类居民消费价格指数,02-子类,食品类居民消费价格指数,2003,99.2
在外用膳食品类居民消费价格指数,02-子类,食品类居民消费价格指数,2003,100.1
其它食品类居民消费价格指数,02-子类,食品类居民消费价格指数,2003,99.1
交通类居民消费价格指数,02-子类,交通和通信类居民消费价格指数,2002,99.1
交通工具类居民消费价格指数,02-子类,交通和通信类居民消费价格指数,2002,95
车用燃料及零配件类居民消费价格指数,02-子类,交通和通信类居民消费价格指数,2002,98.5
车辆使用及维修费类居民消费价格指数,02-子类,交通和通信类居民消费价格指数,2002,100
市区公共交通费类居民消费价格指数,02-子类,交通和通信类居民消费价格指数,2002,101.9
城市间交通费类居民消费价格指数,02-子类,交通和通信类居民消费价格指数,2002,101.8
通信类居民消费价格指数,02-子类,交通和通信类居民消费价格指数,2002,97.2
通信工具类居民消费价格指数,02-子类,交通和通信类居民消费价格指数,2002,83.5
通信服务类居民消费价格指数,02-子类,交通和通信类居民消费价格指数,2002,100.3
医疗保健类居民消费价格指数,02-子类,医疗保健和个人用品类居民消费价格指数,2002,98.5
医疗器具及用品类居民消费价格指数,02-子类,医疗保健和个人用品类居民消费价格指数,2002,97.2
中药材及中成药类居民消费价格指数,02-子类,医疗保健和个人用品类居民消费价格指数,2002,96.6
西药类居民消费价格指数,02-子类,医疗保健和个人用品类居民消费价格指数,2002,94.5
保健器具及用品类居民消费价格指数,02-子类,医疗保健和个人用品类居民消费价格指数,2002,97.1
医疗保健服务类居民消费价格指数,02-子类,医疗保健和个人用品类居民消费价格指数,2002,108.2
个人用品及服务类居民消费价格指数,02-子类,医疗保健和个人用品类居民消费价格指数,2002,99.5
化妆美容用品类居民消费价格指数,02-子类,医疗保健和个人用品类居民消费价格指数,2002,99.7
清洁化妆用品类居民消费价格指数,02-子类,医疗保健和个人用品类居民消费价格指数,2002,97.3
个人饰品类居民消费价格指数,02-子类,医疗保健和个人用品类居民消费价格指数,2002,99.3
个人服务类居民消费价格指数,02-子类,医疗保健和个人用品类居民消费价格指数,2002,101.2
文娱用耐用消费品及服务类居民消费价格指数,02-子类,娱乐教育文化用品及服务类居民消费价格指数,2002,90.5
教育类居民消费价格指数,02-子类,娱乐教育文化用品及服务类居民消费价格指数,2002,103.7
教材及参考书类居民消费价格指数,02-子类,娱乐教育文化用品及服务类居民消费价格指数,2002,99
学杂托幼费类居民消费价格指数,02-子类,娱乐教育文化用品及服务类居民消费价格指数,2002,104
文化娱乐类居民消费价格指数,02-子类,娱乐教育文化用品及服务类居民消费价格指数,2002,101.2
文化娱乐用品居民消费价格指数,02-子类,娱乐教育文化用品及服务类居民消费价格指数,2002,98.9
书报杂志类居民消费价格指数,02-子类,娱乐教育文化用品及服务类居民消费价格指数,2002,101
文娱费类居民消费价格指数,02-子类,娱乐教育文化用品及服务类居民消费价格指数,2002,104.2
旅游类居民消费价格指数,02-子类,娱乐教育文化用品及服务类居民消费价格指数,2002,95.9
耐用消费品类居民消费价格指数,02-子类,家庭设备用品及维修服务类居民消费价格指数,2002,95.9
家具类居民消费价格指数,02-子类,家庭设备用品及维修服务类居民消费价格指数,2002,97.7
家庭设备类居民消费价格指数,02-子类,家庭设备用品及维修服务类居民消费价格指数,2002,95
室内装饰品类居民消费价格指数,02-子类,家庭设备用品及维修服务类居民消费价格指数,2002,98.8
床上用品类居民消费价格指数,02-子类,家庭设备用品及维修服务类居民消费价格指数,2002,98.7
家庭日用杂品类居民消费价格指数,02-子类,家庭设备用品及维修服务类居民消费价格指数,2002,98
家庭服务及加工维修服务费类居民消费价格指数,02-子类,家庭设备用品及维修服务类居民消费价格指数,2002,101.2
建房及装修材料类居民消费价格指数,02-子类,居住类居民消费价格指数,2002,98.4
住房租金类居民消费价格指数,02-子类,居住类居民消费价格指数,2002,104.4
自有住房类居民消费价格指数,02-子类,居住类居民消费价格指数,2002,95.4
水电燃料类居民消费价格指数,02-子类,居住类居民消费价格指数,2002,102.9
烟草类居民消费价格指数,02-子类,烟酒及用品类居民消费价格指数,2002,99.9
酒类居民消费价格指数,02-子类,烟酒及用品类居民消费价格指数,2002,100.1
服装类居民消费价格指数,02-子类,衣着类居民消费价格指数,2002,97.4
衣着材料类居民消费价格指数,02-子类,衣着类居民消费价格指数,2002,98.9
鞋袜帽类居民消费价格指数,02-子类,衣着类居民消费价格指数,2002,98
衣着加工服务费类居民消费价格指数,02-子类,衣着类居民消费价格指数,2002,99.9
粮食类居民消费价格指数,02-子类,食品类居民消费价格指数,2002,98.3
大米类居民消费价格指数,02-子类,食品类居民消费价格指数,2002,98.3
面粉类居民消费价格指数,02-子类,食品类居民消费价格指数,2002,98.5
淀粉及制品类居民消费价格指数,02-子类,食品类居民消费价格指数,2002,100.4
干豆类及豆制品类居民消费价格指数,02-子类,食品类居民消费价格指数,2002,98
油脂类居民消费价格指数,02-子类,食品类居民消费价格指数,2002,98.7
肉禽及其制品类居民消费价格指数,02-子类,食品类居民消费价格指数,2002,99.5
蛋类居民消费价格指数,02-子类,食品类居民消费价格指数,2002,102.6
水产品类居民消费价格指数,02-子类,食品类居民消费价格指数,2002,96.7
菜类居民消费价格指数,02-子类,食品类居民消费价格指数,2002,98.2
鲜菜类居民消费价格指数,02-子类,食品类居民消费价格指数,2002,98.1
调味品类居民消费价格指数,02-子类,食品类居民消费价格指数,2002,101.2
糖类居民消费价格指数,02-子类,食品类居民消费价格指数,2002,97.3
茶及饮料类居民消费价格指数,02-子类,食品类居民消费价格指数,2002,99
茶叶类居民消费价格指数,02-子类,食品类居民消费价格指数,2002,100.9
饮料类居民消费价格指数,02-子类,食品类居民消费价格指数,2002,98.2
干鲜瓜果类居民消费价格指数,02-子类,食品类居民消费价格指数,2002,103.1
鲜果类居民消费价格指数,02-子类,食品类居民消费价格指数,2002,103.6
糕点饼干面包类居民消费价格指数,02-子类,食品类居民消费价格指数,2002,98.8
液体乳及乳制品类居民消费价格指数,02-子类,食品类居民消费价格指数,2002,99
在外用膳食品类居民消费价格指数,02-子类,食品类居民消费价格指数,2002,99.9
其它食品类居民消费价格指数,02-子类,食品类居民消费价格指数,2002,99
交通类居民消费价格指数,02-子类,交通和通信类居民消费价格指数,2001,101
交通工具类居民消费价格指数,02-子类,交通和通信类居民消费价格指数,2001,96.4
车用燃料及零配件类居民消费价格指数,02-子类,交通和通信类居民消费价格指数,2001,99
车辆使用及维修费类居民消费价格指数,02-子类,交通和通信类居民消费价格指数,2001,100.4
市区公共交通费类居民消费价格指数,02-子类,交通和通信类居民消费价格指数,2001,105.8
城市间交通费类居民消费价格指数,02-子类,交通和通信类居民消费价格指数,2001,104
通信类居民消费价格指数,02-子类,交通和通信类居民消费价格指数,2001,96.8
通信工具类居民消费价格指数,02-子类,交通和通信类居民消费价格指数,2001,80.5
通信服务类居民消费价格指数,02-子类,交通和通信类居民消费价格指数,2001,101.1
医疗保健类居民消费价格指数,02-子类,医疗保健和个人用品类居民消费价格指数,2001,100.3
医疗器具及用品类居民消费价格指数,02-子类,医疗保健和个人用品类居民消费价格指数,2001,98.3
中药材及中成药类居民消费价格指数,02-子类,医疗保健和个人用品类居民消费价格指数,2001,101.4
西药类居民消费价格指数,02-子类,医疗保健和个人用品类居民消费价格指数,2001,94.8
保健器具及用品类居民消费价格指数,02-子类,医疗保健和个人用品类居民消费价格指数,2001,97.3
医疗保健服务类居民消费价格指数,02-子类,医疗保健和个人用品类居民消费价格指数,2001,110.5
个人用品及服务类居民消费价格指数,02-子类,医疗保健和个人用品类居民消费价格指数,2001,99.5
化妆美容用品类居民消费价格指数,02-子类,医疗保健和个人用品类居民消费价格指数,2001,99.8
清洁化妆用品类居民消费价格指数,02-子类,医疗保健和个人用品类居民消费价格指数,2001,97.9
个人饰品类居民消费价格指数,02-子类,医疗保健和个人用品类居民消费价格指数,2001,97.8
个人服务类居民消费价格指数,02-子类,医疗保健和个人用品类居民消费价格指数,2001,101.7
文娱用耐用消费品及服务类居民消费价格指数,02-子类,娱乐教育文化用品及服务类居民消费价格指数,2001,91.2
教育类居民消费价格指数,02-子类,娱乐教育文化用品及服务类居民消费价格指数,2001,113.6
教材及参考书类居民消费价格指数,02-子类,娱乐教育文化用品及服务类居民消费价格指数,2001,106.1
学杂托幼费类居民消费价格指数,02-子类,娱乐教育文化用品及服务类居民消费价格指数,2001,114.1
文化娱乐类居民消费价格指数,02-子类,娱乐教育文化用品及服务类居民消费价格指数,2001,101.7
文化娱乐用品居民消费价格指数,02-子类,娱乐教育文化用品及服务类居民消费价格指数,2001,99.4
书报杂志类居民消费价格指数,02-子类,娱乐教育文化用品及服务类居民消费价格指数,2001,101.9
文娱费类居民消费价格指数,02-子类,娱乐教育文化用品及服务类居民消费价格指数,2001,104.4
旅游类居民消费价格指数,02-子类,娱乐教育文化用品及服务类居民消费价格指数,2001,100.3
耐用消费品类居民消费价格指数,02-子类,家庭设备用品及维修服务类居民消费价格指数,2001,96.1
家具类居民消费价格指数,02-子类,家庭设备用品及维修服务类居民消费价格指数,2001,98
家庭设备类居民消费价格指数,02-子类,家庭设备用品及维修服务类居民消费价格指数,2001,95.1
室内装饰品类居民消费价格指数,02-子类,家庭设备用品及维修服务类居民消费价格指数,2001,98.3
床上用品类居民消费价格指数,02-子类,家庭设备用品及维修服务类居民消费价格指数,2001,99.3
家庭日用杂品类居民消费价格指数,02-子类,家庭设备用品及维修服务类居民消费价格指数,2001,98.6
家庭服务及加工维修服务费类居民消费价格指数,02-子类,家庭设备用品及维修服务类居民消费价格指数,2001,101.5
建房及装修材料类居民消费价格指数,02-子类,居住类居民消费价格指数,2001,98.8
住房租金类居民消费价格指数,02-子类,居住类居民消费价格指数,2001,108.6
自有住房类居民消费价格指数,02-子类,居住类居民消费价格指数,2001,100
水电燃料类居民消费价格指数,02-子类,居住类居民消费价格指数,2001,102.5
烟草类居民消费价格指数,02-子类,烟酒及用品类居民消费价格指数,2001,99.6
酒类居民消费价格指数,02-子类,烟酒及用品类居民消费价格指数,2001,99.9
服装类居民消费价格指数,02-子类,衣着类居民消费价格指数,2001,97.6
衣着材料类居民消费价格指数,02-子类,衣着类居民消费价格指数,2001,98.8
鞋袜帽类居民消费价格指数,02-子类,衣着类居民消费价格指数,2001,99
衣着加工服务费类居民消费价格指数,02-子类,衣着类居民消费价格指数,2001,100.3
粮食类居民消费价格指数,02-子类,食品类居民消费价格指数,2001,99.3
大米类居民消费价格指数,02-子类,食品类居民消费价格指数,2001,100.2
面粉类居民消费价格指数,02-子类,食品类居民消费价格指数,2001,99.1
淀粉及制品类居民消费价格指数,02-子类,食品类居民消费价格指数,2001,99.5
干豆类及豆制品类居民消费价格指数,02-子类,食品类居民消费价格指数,2001,99
油脂类居民消费价格指数,02-子类,食品类居民消费价格指数,2001,91.7
肉禽及其制品类居民消费价格指数,02-子类,食品类居民消费价格指数,2001,101.6
蛋类居民消费价格指数,02-子类,食品类居民消费价格指数,2001,106
水产品类居民消费价格指数,02-子类,食品类居民消费价格指数,2001,97.1
菜类居民消费价格指数,02-子类,食品类居民消费价格指数,2001,100.9
鲜菜类居民消费价格指数,02-子类,食品类居民消费价格指数,2001,101.4
调味品类居民消费价格指数,02-子类,食品类居民消费价格指数,2001,102.2
糖类居民消费价格指数,02-子类,食品类居民消费价格指数,2001,104.6
茶及饮料类居民消费价格指数,02-子类,食品类居民消费价格指数,2001,99.1
茶叶类居民消费价格指数,02-子类,食品类居民消费价格指数,2001,101
饮料类居民消费价格指数,02-子类,食品类居民消费价格指数,2001,98.3
干鲜瓜果类居民消费价格指数,02-子类,食品类居民消费价格指数,2001,99.9
鲜果类居民消费价格指数,02-子类,食品类居民消费价格指数,2001,100.3
糕点饼干面包类居民消费价格指数,02-子类,食品类居民消费价格指数,2001,98.9
液体乳及乳制品类居民消费价格指数,02-子类,食品类居民消费价格指数,2001,99.1
在外用膳食品类居民消费价格指数,02-子类,食品类居民消费价格指数,2001,100.2
其它食品类居民消费价格指数,02-子类,食品类居民消费价格指数,2001,98.9
